Video,Video title,Day,Publish Date,Publish Month,Total Views,Average Total Views
 -H7kuKm0DJs,COMP 4304 / 6934 Lecture 12,0,2021-10-02,October,0,0.0
 -H7kuKm0DJs,COMP 4304 / 6934 Lecture 12,1,2021-10-02,October,2,9.04
 -H7kuKm0DJs,COMP 4304 / 6934 Lecture 12,2,2021-10-02,October,12,19.32
 -H7kuKm0DJs,COMP 4304 / 6934 Lecture 12,3,2021-10-02,October,19,27.84
 -H7kuKm0DJs,COMP 4304 / 6934 Lecture 12,4,2021-10-02,October,30,34.6
 -H7kuKm0DJs,COMP 4304 / 6934 Lecture 12,5,2021-10-02,October,32,40.708333333333336
 -H7kuKm0DJs,COMP 4304 / 6934 Lecture 12,6,2021-10-02,October,35,47.208333333333336
 -H7kuKm0DJs,COMP 4304 / 6934 Lecture 12,7,2021-10-02,October,39,52.30434782608695
 -H7kuKm0DJs,COMP 4304 / 6934 Lecture 12,8,2021-10-02,October,44,58.91304347826087
 -H7kuKm0DJs,COMP 4304 / 6934 Lecture 12,9,2021-10-02,October,48,66.21739130434783
 -H7kuKm0DJs,COMP 4304 / 6934 Lecture 12,10,2021-10-02,October,52,72.5
 -H7kuKm0DJs,COMP 4304 / 6934 Lecture 12,11,2021-10-02,October,61,76.13636363636364
 -H7kuKm0DJs,COMP 4304 / 6934 Lecture 12,12,2021-10-02,October,69,81.0
 -H7kuKm0DJs,COMP 4304 / 6934 Lecture 12,13,2021-10-02,October,70,85.61904761904762
 -H7kuKm0DJs,COMP 4304 / 6934 Lecture 12,14,2021-10-02,October,71,89.0
 -H7kuKm0DJs,COMP 4304 / 6934 Lecture 12,15,2021-10-02,October,80,93.1
 -H7kuKm0DJs,COMP 4304 / 6934 Lecture 12,16,2021-10-02,October,80,95.8
 -H7kuKm0DJs,COMP 4304 / 6934 Lecture 12,17,2021-10-02,October,86,97.89473684210526
 -H7kuKm0DJs,COMP 4304 / 6934 Lecture 12,18,2021-10-02,October,91,99.89473684210526
 -H7kuKm0DJs,COMP 4304 / 6934 Lecture 12,19,2021-10-02,October,92,101.3157894736842
 -H7kuKm0DJs,COMP 4304 / 6934 Lecture 12,20,2021-10-02,October,93,103.83333333333333
 -H7kuKm0DJs,COMP 4304 / 6934 Lecture 12,21,2021-10-02,October,95,107.05882352941177
 -H7kuKm0DJs,COMP 4304 / 6934 Lecture 12,22,2021-10-02,October,98,108.29411764705883
 -H7kuKm0DJs,COMP 4304 / 6934 Lecture 12,23,2021-10-02,October,99,108.88235294117646
 -H7kuKm0DJs,COMP 4304 / 6934 Lecture 12,24,2021-10-02,October,100,111.25
 -H7kuKm0DJs,COMP 4304 / 6934 Lecture 12,25,2021-10-02,October,102,112.0625
 -H7kuKm0DJs,COMP 4304 / 6934 Lecture 12,26,2021-10-02,October,103,112.75
 -H7kuKm0DJs,COMP 4304 / 6934 Lecture 12,27,2021-10-02,October,104,113.6
 -H7kuKm0DJs,COMP 4304 / 6934 Lecture 12,28,2021-10-02,October,104,114.26666666666667
 -H7kuKm0DJs,COMP 4304 / 6934 Lecture 12,29,2021-10-02,October,104,117.57142857142857
 -H7kuKm0DJs,COMP 4304 / 6934 Lecture 12,30,2021-10-02,October,104,117.78571428571429
 -H7kuKm0DJs,COMP 4304 / 6934 Lecture 12,31,2021-10-02,October,104,118.21428571428571
 -H7kuKm0DJs,COMP 4304 / 6934 Lecture 12,32,2021-10-02,October,104,118.71428571428571
 -H7kuKm0DJs,COMP 4304 / 6934 Lecture 12,33,2021-10-02,October,104,118.92857142857143
 -H7kuKm0DJs,COMP 4304 / 6934 Lecture 12,34,2021-10-02,October,104,119.42857142857143
 -H7kuKm0DJs,COMP 4304 / 6934 Lecture 12,35,2021-10-02,October,104,119.92857142857143
 -H7kuKm0DJs,COMP 4304 / 6934 Lecture 12,36,2021-10-02,October,104,120.42857142857143
 -H7kuKm0DJs,COMP 4304 / 6934 Lecture 12,37,2021-10-02,October,106,120.71428571428571
 -H7kuKm0DJs,COMP 4304 / 6934 Lecture 12,38,2021-10-02,October,108,123.3076923076923
 -H7kuKm0DJs,COMP 4304 / 6934 Lecture 12,39,2021-10-02,October,109,123.76923076923077
 -H7kuKm0DJs,COMP 4304 / 6934 Lecture 12,40,2021-10-02,October,109,123.33333333333333
 -H7kuKm0DJs,COMP 4304 / 6934 Lecture 12,41,2021-10-02,October,109,123.5
 -H7kuKm0DJs,COMP 4304 / 6934 Lecture 12,42,2021-10-02,October,109,123.75
68CftRsLmkU,COMP 4304 / 6934 Lecture 21,0,2021-10-31,October,0,0.0
68CftRsLmkU,COMP 4304 / 6934 Lecture 21,1,2021-10-31,October,12,9.04
68CftRsLmkU,COMP 4304 / 6934 Lecture 21,2,2021-10-31,October,18,19.32
68CftRsLmkU,COMP 4304 / 6934 Lecture 21,3,2021-10-31,October,23,27.84
68CftRsLmkU,COMP 4304 / 6934 Lecture 21,4,2021-10-31,October,33,34.6
68CftRsLmkU,COMP 4304 / 6934 Lecture 21,5,2021-10-31,October,42,40.708333333333336
68CftRsLmkU,COMP 4304 / 6934 Lecture 21,6,2021-10-31,October,45,47.208333333333336
68CftRsLmkU,COMP 4304 / 6934 Lecture 21,7,2021-10-31,October,51,52.30434782608695
68CftRsLmkU,COMP 4304 / 6934 Lecture 21,8,2021-10-31,October,63,58.91304347826087
68CftRsLmkU,COMP 4304 / 6934 Lecture 21,9,2021-10-31,October,87,66.21739130434783
68CftRsLmkU,COMP 4304 / 6934 Lecture 21,10,2021-10-31,October,90,72.5
68CftRsLmkU,COMP 4304 / 6934 Lecture 21,11,2021-10-31,October,91,76.13636363636364
68CftRsLmkU,COMP 4304 / 6934 Lecture 21,12,2021-10-31,October,93,81.0
68CftRsLmkU,COMP 4304 / 6934 Lecture 21,13,2021-10-31,October,93,85.61904761904762
6cwvuFnabd4,COMP 4304 / 6934 Lecture 24,0,2021-11-07,November,0,0.0
6cwvuFnabd4,COMP 4304 / 6934 Lecture 24,1,2021-11-07,November,11,9.04
6cwvuFnabd4,COMP 4304 / 6934 Lecture 24,2,2021-11-07,November,24,19.32
6cwvuFnabd4,COMP 4304 / 6934 Lecture 24,3,2021-11-07,November,32,27.84
6cwvuFnabd4,COMP 4304 / 6934 Lecture 24,4,2021-11-07,November,36,34.6
6cwvuFnabd4,COMP 4304 / 6934 Lecture 24,5,2021-11-07,November,47,40.708333333333336
6cwvuFnabd4,COMP 4304 / 6934 Lecture 24,6,2021-11-07,November,52,47.208333333333336
A3v5YuGse9I,COMP 4304 / 6934 Lecture 18,0,2021-10-24,October,0,0.0
A3v5YuGse9I,COMP 4304 / 6934 Lecture 18,1,2021-10-24,October,17,9.04
A3v5YuGse9I,COMP 4304 / 6934 Lecture 18,2,2021-10-24,October,19,19.32
A3v5YuGse9I,COMP 4304 / 6934 Lecture 18,3,2021-10-24,October,24,27.84
A3v5YuGse9I,COMP 4304 / 6934 Lecture 18,4,2021-10-24,October,25,34.6
A3v5YuGse9I,COMP 4304 / 6934 Lecture 18,5,2021-10-24,October,27,40.708333333333336
A3v5YuGse9I,COMP 4304 / 6934 Lecture 18,6,2021-10-24,October,27,47.208333333333336
A3v5YuGse9I,COMP 4304 / 6934 Lecture 18,7,2021-10-24,October,30,52.30434782608695
A3v5YuGse9I,COMP 4304 / 6934 Lecture 18,8,2021-10-24,October,32,58.91304347826087
A3v5YuGse9I,COMP 4304 / 6934 Lecture 18,9,2021-10-24,October,42,66.21739130434783
A3v5YuGse9I,COMP 4304 / 6934 Lecture 18,10,2021-10-24,October,43,72.5
A3v5YuGse9I,COMP 4304 / 6934 Lecture 18,11,2021-10-24,October,44,76.13636363636364
A3v5YuGse9I,COMP 4304 / 6934 Lecture 18,12,2021-10-24,October,49,81.0
A3v5YuGse9I,COMP 4304 / 6934 Lecture 18,13,2021-10-24,October,51,85.61904761904762
A3v5YuGse9I,COMP 4304 / 6934 Lecture 18,14,2021-10-24,October,56,89.0
A3v5YuGse9I,COMP 4304 / 6934 Lecture 18,15,2021-10-24,October,58,93.1
A3v5YuGse9I,COMP 4304 / 6934 Lecture 18,16,2021-10-24,October,61,95.8
A3v5YuGse9I,COMP 4304 / 6934 Lecture 18,17,2021-10-24,October,62,97.89473684210526
A3v5YuGse9I,COMP 4304 / 6934 Lecture 18,18,2021-10-24,October,62,99.89473684210526
A3v5YuGse9I,COMP 4304 / 6934 Lecture 18,19,2021-10-24,October,66,101.3157894736842
A3v5YuGse9I,COMP 4304 / 6934 Lecture 18,20,2021-10-24,October,71,103.83333333333333
Kjws9UlX6W4,COMP 4304 / 6934 Lecture 15,0,2021-10-16,October,0,0.0
Kjws9UlX6W4,COMP 4304 / 6934 Lecture 15,1,2021-10-16,October,1,9.04
Kjws9UlX6W4,COMP 4304 / 6934 Lecture 15,2,2021-10-16,October,10,19.32
Kjws9UlX6W4,COMP 4304 / 6934 Lecture 15,3,2021-10-16,October,14,27.84
Kjws9UlX6W4,COMP 4304 / 6934 Lecture 15,4,2021-10-16,October,22,34.6
Kjws9UlX6W4,COMP 4304 / 6934 Lecture 15,5,2021-10-16,October,29,40.708333333333336
Kjws9UlX6W4,COMP 4304 / 6934 Lecture 15,6,2021-10-16,October,34,47.208333333333336
Kjws9UlX6W4,COMP 4304 / 6934 Lecture 15,7,2021-10-16,October,43,52.30434782608695
Kjws9UlX6W4,COMP 4304 / 6934 Lecture 15,8,2021-10-16,October,50,58.91304347826087
Kjws9UlX6W4,COMP 4304 / 6934 Lecture 15,9,2021-10-16,October,54,66.21739130434783
Kjws9UlX6W4,COMP 4304 / 6934 Lecture 15,10,2021-10-16,October,56,72.5
Kjws9UlX6W4,COMP 4304 / 6934 Lecture 15,11,2021-10-16,October,57,76.13636363636364
Kjws9UlX6W4,COMP 4304 / 6934 Lecture 15,12,2021-10-16,October,58,81.0
Kjws9UlX6W4,COMP 4304 / 6934 Lecture 15,13,2021-10-16,October,59,85.61904761904762
Kjws9UlX6W4,COMP 4304 / 6934 Lecture 15,14,2021-10-16,October,59,89.0
Kjws9UlX6W4,COMP 4304 / 6934 Lecture 15,15,2021-10-16,October,60,93.1
Kjws9UlX6W4,COMP 4304 / 6934 Lecture 15,16,2021-10-16,October,61,95.8
Kjws9UlX6W4,COMP 4304 / 6934 Lecture 15,17,2021-10-16,October,65,97.89473684210526
Kjws9UlX6W4,COMP 4304 / 6934 Lecture 15,18,2021-10-16,October,67,99.89473684210526
Kjws9UlX6W4,COMP 4304 / 6934 Lecture 15,19,2021-10-16,October,67,101.3157894736842
Kjws9UlX6W4,COMP 4304 / 6934 Lecture 15,20,2021-10-16,October,69,103.83333333333333
Kjws9UlX6W4,COMP 4304 / 6934 Lecture 15,21,2021-10-16,October,69,107.05882352941177
Kjws9UlX6W4,COMP 4304 / 6934 Lecture 15,22,2021-10-16,October,69,108.29411764705883
Kjws9UlX6W4,COMP 4304 / 6934 Lecture 15,23,2021-10-16,October,69,108.88235294117646
Kjws9UlX6W4,COMP 4304 / 6934 Lecture 15,24,2021-10-16,October,72,111.25
Kjws9UlX6W4,COMP 4304 / 6934 Lecture 15,25,2021-10-16,October,74,112.0625
Kjws9UlX6W4,COMP 4304 / 6934 Lecture 15,26,2021-10-16,October,74,112.75
Kjws9UlX6W4,COMP 4304 / 6934 Lecture 15,27,2021-10-16,October,74,113.6
Kjws9UlX6W4,COMP 4304 / 6934 Lecture 15,28,2021-10-16,October,74,114.26666666666667
PY8SqS6dI2U,COMP 4304 / 6934 Lecture 8,0,2021-09-23,September,0,0.0
PY8SqS6dI2U,COMP 4304 / 6934 Lecture 8,1,2021-09-23,September,8,9.04
PY8SqS6dI2U,COMP 4304 / 6934 Lecture 8,2,2021-09-23,September,15,19.32
PY8SqS6dI2U,COMP 4304 / 6934 Lecture 8,3,2021-09-23,September,27,27.84
PY8SqS6dI2U,COMP 4304 / 6934 Lecture 8,4,2021-09-23,September,34,34.6
PY8SqS6dI2U,COMP 4304 / 6934 Lecture 8,5,2021-09-23,September,36,40.708333333333336
PY8SqS6dI2U,COMP 4304 / 6934 Lecture 8,6,2021-09-23,September,45,47.208333333333336
PY8SqS6dI2U,COMP 4304 / 6934 Lecture 8,7,2021-09-23,September,47,52.30434782608695
PY8SqS6dI2U,COMP 4304 / 6934 Lecture 8,8,2021-09-23,September,49,58.91304347826087
PY8SqS6dI2U,COMP 4304 / 6934 Lecture 8,9,2021-09-23,September,52,66.21739130434783
PY8SqS6dI2U,COMP 4304 / 6934 Lecture 8,10,2021-09-23,September,59,72.5
PY8SqS6dI2U,COMP 4304 / 6934 Lecture 8,11,2021-09-23,September,66,76.13636363636364
PY8SqS6dI2U,COMP 4304 / 6934 Lecture 8,12,2021-09-23,September,69,81.0
PY8SqS6dI2U,COMP 4304 / 6934 Lecture 8,13,2021-09-23,September,76,85.61904761904762
PY8SqS6dI2U,COMP 4304 / 6934 Lecture 8,14,2021-09-23,September,78,89.0
PY8SqS6dI2U,COMP 4304 / 6934 Lecture 8,15,2021-09-23,September,78,93.1
PY8SqS6dI2U,COMP 4304 / 6934 Lecture 8,16,2021-09-23,September,78,95.8
PY8SqS6dI2U,COMP 4304 / 6934 Lecture 8,17,2021-09-23,September,81,97.89473684210526
PY8SqS6dI2U,COMP 4304 / 6934 Lecture 8,18,2021-09-23,September,81,99.89473684210526
PY8SqS6dI2U,COMP 4304 / 6934 Lecture 8,19,2021-09-23,September,82,101.3157894736842
PY8SqS6dI2U,COMP 4304 / 6934 Lecture 8,20,2021-09-23,September,83,103.83333333333333
PY8SqS6dI2U,COMP 4304 / 6934 Lecture 8,21,2021-09-23,September,90,107.05882352941177
PY8SqS6dI2U,COMP 4304 / 6934 Lecture 8,22,2021-09-23,September,91,108.29411764705883
PY8SqS6dI2U,COMP 4304 / 6934 Lecture 8,23,2021-09-23,September,91,108.88235294117646
PY8SqS6dI2U,COMP 4304 / 6934 Lecture 8,24,2021-09-23,September,91,111.25
PY8SqS6dI2U,COMP 4304 / 6934 Lecture 8,25,2021-09-23,September,91,112.0625
PY8SqS6dI2U,COMP 4304 / 6934 Lecture 8,26,2021-09-23,September,93,112.75
PY8SqS6dI2U,COMP 4304 / 6934 Lecture 8,27,2021-09-23,September,93,113.6
PY8SqS6dI2U,COMP 4304 / 6934 Lecture 8,28,2021-09-23,September,96,114.26666666666667
PY8SqS6dI2U,COMP 4304 / 6934 Lecture 8,29,2021-09-23,September,96,117.57142857142857
PY8SqS6dI2U,COMP 4304 / 6934 Lecture 8,30,2021-09-23,September,96,117.78571428571429
PY8SqS6dI2U,COMP 4304 / 6934 Lecture 8,31,2021-09-23,September,97,118.21428571428571
PY8SqS6dI2U,COMP 4304 / 6934 Lecture 8,32,2021-09-23,September,99,118.71428571428571
PY8SqS6dI2U,COMP 4304 / 6934 Lecture 8,33,2021-09-23,September,99,118.92857142857143
PY8SqS6dI2U,COMP 4304 / 6934 Lecture 8,34,2021-09-23,September,99,119.42857142857143
PY8SqS6dI2U,COMP 4304 / 6934 Lecture 8,35,2021-09-23,September,101,119.92857142857143
PY8SqS6dI2U,COMP 4304 / 6934 Lecture 8,36,2021-09-23,September,102,120.42857142857143
PY8SqS6dI2U,COMP 4304 / 6934 Lecture 8,37,2021-09-23,September,102,120.71428571428571
PY8SqS6dI2U,COMP 4304 / 6934 Lecture 8,38,2021-09-23,September,102,123.3076923076923
PY8SqS6dI2U,COMP 4304 / 6934 Lecture 8,39,2021-09-23,September,102,123.76923076923077
PY8SqS6dI2U,COMP 4304 / 6934 Lecture 8,40,2021-09-23,September,102,123.33333333333333
PY8SqS6dI2U,COMP 4304 / 6934 Lecture 8,41,2021-09-23,September,102,123.5
PY8SqS6dI2U,COMP 4304 / 6934 Lecture 8,42,2021-09-23,September,102,123.75
PY8SqS6dI2U,COMP 4304 / 6934 Lecture 8,43,2021-09-23,September,102,125.36363636363636
PY8SqS6dI2U,COMP 4304 / 6934 Lecture 8,44,2021-09-23,September,102,125.9090909090909
PY8SqS6dI2U,COMP 4304 / 6934 Lecture 8,45,2021-09-23,September,102,127.7
PY8SqS6dI2U,COMP 4304 / 6934 Lecture 8,46,2021-09-23,September,102,127.9
PY8SqS6dI2U,COMP 4304 / 6934 Lecture 8,47,2021-09-23,September,103,125.11111111111111
PY8SqS6dI2U,COMP 4304 / 6934 Lecture 8,48,2021-09-23,September,103,125.22222222222223
PY8SqS6dI2U,COMP 4304 / 6934 Lecture 8,49,2021-09-23,September,103,123.5
PY8SqS6dI2U,COMP 4304 / 6934 Lecture 8,50,2021-09-23,September,103,123.625
PY8SqS6dI2U,COMP 4304 / 6934 Lecture 8,51,2021-09-23,September,103,123.875
QhCablP2fKM,COMP 4304 / 6934 Lecture 14,0,2021-10-07,October,0,0.0
QhCablP2fKM,COMP 4304 / 6934 Lecture 14,1,2021-10-07,October,9,9.04
QhCablP2fKM,COMP 4304 / 6934 Lecture 14,2,2021-10-07,October,10,19.32
QhCablP2fKM,COMP 4304 / 6934 Lecture 14,3,2021-10-07,October,14,27.84
QhCablP2fKM,COMP 4304 / 6934 Lecture 14,4,2021-10-07,October,16,34.6
QhCablP2fKM,COMP 4304 / 6934 Lecture 14,5,2021-10-07,October,20,40.708333333333336
QhCablP2fKM,COMP 4304 / 6934 Lecture 14,6,2021-10-07,October,29,47.208333333333336
QhCablP2fKM,COMP 4304 / 6934 Lecture 14,7,2021-10-07,October,37,52.30434782608695
QhCablP2fKM,COMP 4304 / 6934 Lecture 14,8,2021-10-07,October,42,58.91304347826087
QhCablP2fKM,COMP 4304 / 6934 Lecture 14,9,2021-10-07,October,47,66.21739130434783
QhCablP2fKM,COMP 4304 / 6934 Lecture 14,10,2021-10-07,October,50,72.5
QhCablP2fKM,COMP 4304 / 6934 Lecture 14,11,2021-10-07,October,53,76.13636363636364
QhCablP2fKM,COMP 4304 / 6934 Lecture 14,12,2021-10-07,October,58,81.0
QhCablP2fKM,COMP 4304 / 6934 Lecture 14,13,2021-10-07,October,62,85.61904761904762
QhCablP2fKM,COMP 4304 / 6934 Lecture 14,14,2021-10-07,October,63,89.0
QhCablP2fKM,COMP 4304 / 6934 Lecture 14,15,2021-10-07,October,67,93.1
QhCablP2fKM,COMP 4304 / 6934 Lecture 14,16,2021-10-07,October,67,95.8
QhCablP2fKM,COMP 4304 / 6934 Lecture 14,17,2021-10-07,October,75,97.89473684210526
QhCablP2fKM,COMP 4304 / 6934 Lecture 14,18,2021-10-07,October,82,99.89473684210526
QhCablP2fKM,COMP 4304 / 6934 Lecture 14,19,2021-10-07,October,83,101.3157894736842
QhCablP2fKM,COMP 4304 / 6934 Lecture 14,20,2021-10-07,October,85,103.83333333333333
QhCablP2fKM,COMP 4304 / 6934 Lecture 14,21,2021-10-07,October,86,107.05882352941177
QhCablP2fKM,COMP 4304 / 6934 Lecture 14,22,2021-10-07,October,87,108.29411764705883
QhCablP2fKM,COMP 4304 / 6934 Lecture 14,23,2021-10-07,October,87,108.88235294117646
QhCablP2fKM,COMP 4304 / 6934 Lecture 14,24,2021-10-07,October,88,111.25
QhCablP2fKM,COMP 4304 / 6934 Lecture 14,25,2021-10-07,October,88,112.0625
QhCablP2fKM,COMP 4304 / 6934 Lecture 14,26,2021-10-07,October,89,112.75
QhCablP2fKM,COMP 4304 / 6934 Lecture 14,27,2021-10-07,October,91,113.6
QhCablP2fKM,COMP 4304 / 6934 Lecture 14,28,2021-10-07,October,91,114.26666666666667
QhCablP2fKM,COMP 4304 / 6934 Lecture 14,29,2021-10-07,October,91,117.57142857142857
QhCablP2fKM,COMP 4304 / 6934 Lecture 14,30,2021-10-07,October,91,117.78571428571429
QhCablP2fKM,COMP 4304 / 6934 Lecture 14,31,2021-10-07,October,91,118.21428571428571
QhCablP2fKM,COMP 4304 / 6934 Lecture 14,32,2021-10-07,October,91,118.71428571428571
QhCablP2fKM,COMP 4304 / 6934 Lecture 14,33,2021-10-07,October,93,118.92857142857143
QhCablP2fKM,COMP 4304 / 6934 Lecture 14,34,2021-10-07,October,95,119.42857142857143
QhCablP2fKM,COMP 4304 / 6934 Lecture 14,35,2021-10-07,October,95,119.92857142857143
QhCablP2fKM,COMP 4304 / 6934 Lecture 14,36,2021-10-07,October,95,120.42857142857143
QhCablP2fKM,COMP 4304 / 6934 Lecture 14,37,2021-10-07,October,95,120.71428571428571
Rt6tEEL8L7A,COMP 4304 / 6934 Lecture 17,0,2021-10-21,October,0,0.0
Rt6tEEL8L7A,COMP 4304 / 6934 Lecture 17,1,2021-10-21,October,11,9.04
Rt6tEEL8L7A,COMP 4304 / 6934 Lecture 17,2,2021-10-21,October,14,19.32
Rt6tEEL8L7A,COMP 4304 / 6934 Lecture 17,3,2021-10-21,October,26,27.84
Rt6tEEL8L7A,COMP 4304 / 6934 Lecture 17,4,2021-10-21,October,32,34.6
Rt6tEEL8L7A,COMP 4304 / 6934 Lecture 17,5,2021-10-21,October,38,40.708333333333336
Rt6tEEL8L7A,COMP 4304 / 6934 Lecture 17,6,2021-10-21,October,41,47.208333333333336
Rt6tEEL8L7A,COMP 4304 / 6934 Lecture 17,7,2021-10-21,October,42,52.30434782608695
Rt6tEEL8L7A,COMP 4304 / 6934 Lecture 17,8,2021-10-21,October,43,58.91304347826087
Rt6tEEL8L7A,COMP 4304 / 6934 Lecture 17,9,2021-10-21,October,47,66.21739130434783
Rt6tEEL8L7A,COMP 4304 / 6934 Lecture 17,10,2021-10-21,October,56,72.5
Rt6tEEL8L7A,COMP 4304 / 6934 Lecture 17,11,2021-10-21,October,59,76.13636363636364
Rt6tEEL8L7A,COMP 4304 / 6934 Lecture 17,12,2021-10-21,October,70,81.0
Rt6tEEL8L7A,COMP 4304 / 6934 Lecture 17,13,2021-10-21,October,73,85.61904761904762
Rt6tEEL8L7A,COMP 4304 / 6934 Lecture 17,14,2021-10-21,October,73,89.0
Rt6tEEL8L7A,COMP 4304 / 6934 Lecture 17,15,2021-10-21,October,74,93.1
Rt6tEEL8L7A,COMP 4304 / 6934 Lecture 17,16,2021-10-21,October,75,95.8
Rt6tEEL8L7A,COMP 4304 / 6934 Lecture 17,17,2021-10-21,October,76,97.89473684210526
Rt6tEEL8L7A,COMP 4304 / 6934 Lecture 17,18,2021-10-21,October,76,99.89473684210526
Rt6tEEL8L7A,COMP 4304 / 6934 Lecture 17,19,2021-10-21,October,79,101.3157894736842
Rt6tEEL8L7A,COMP 4304 / 6934 Lecture 17,20,2021-10-21,October,81,103.83333333333333
Rt6tEEL8L7A,COMP 4304 / 6934 Lecture 17,21,2021-10-21,October,81,107.05882352941177
Rt6tEEL8L7A,COMP 4304 / 6934 Lecture 17,22,2021-10-21,October,82,108.29411764705883
Rt6tEEL8L7A,COMP 4304 / 6934 Lecture 17,23,2021-10-21,October,83,108.88235294117646
Vc0Bl305-E4,COMP 4304 / 6934 Lecture 22,0,2021-11-01,November,0,0.0
Vc0Bl305-E4,COMP 4304 / 6934 Lecture 22,1,2021-11-01,November,1,9.04
Vc0Bl305-E4,COMP 4304 / 6934 Lecture 22,2,2021-11-01,November,9,19.32
Vc0Bl305-E4,COMP 4304 / 6934 Lecture 22,3,2021-11-01,November,19,27.84
Vc0Bl305-E4,COMP 4304 / 6934 Lecture 22,4,2021-11-01,November,26,34.6
Vc0Bl305-E4,COMP 4304 / 6934 Lecture 22,5,2021-11-01,November,29,40.708333333333336
Vc0Bl305-E4,COMP 4304 / 6934 Lecture 22,6,2021-11-01,November,37,47.208333333333336
Vc0Bl305-E4,COMP 4304 / 6934 Lecture 22,7,2021-11-01,November,42,52.30434782608695
Vc0Bl305-E4,COMP 4304 / 6934 Lecture 22,8,2021-11-01,November,57,58.91304347826087
Vc0Bl305-E4,COMP 4304 / 6934 Lecture 22,9,2021-11-01,November,60,66.21739130434783
Vc0Bl305-E4,COMP 4304 / 6934 Lecture 22,10,2021-11-01,November,61,72.5
Vc0Bl305-E4,COMP 4304 / 6934 Lecture 22,11,2021-11-01,November,66,76.13636363636364
Vc0Bl305-E4,COMP 4304 / 6934 Lecture 22,12,2021-11-01,November,72,81.0
d7gKUr7ONVM,COMP 4304 / 6934 Lecture 23,0,2021-11-04,November,0,0.0
d7gKUr7ONVM,COMP 4304 / 6934 Lecture 23,1,2021-11-04,November,4,9.04
d7gKUr7ONVM,COMP 4304 / 6934 Lecture 23,2,2021-11-04,November,7,19.32
d7gKUr7ONVM,COMP 4304 / 6934 Lecture 23,3,2021-11-04,November,10,27.84
d7gKUr7ONVM,COMP 4304 / 6934 Lecture 23,4,2021-11-04,November,19,34.6
d7gKUr7ONVM,COMP 4304 / 6934 Lecture 23,5,2021-11-04,November,27,40.708333333333336
d7gKUr7ONVM,COMP 4304 / 6934 Lecture 23,6,2021-11-04,November,32,47.208333333333336
d7gKUr7ONVM,COMP 4304 / 6934 Lecture 23,7,2021-11-04,November,34,52.30434782608695
d7gKUr7ONVM,COMP 4304 / 6934 Lecture 23,8,2021-11-04,November,37,58.91304347826087
d7gKUr7ONVM,COMP 4304 / 6934 Lecture 23,9,2021-11-04,November,43,66.21739130434783
dBv0g-3jxG4,COMP 4304 / 6934 Lecture 19,0,2021-10-25,October,0,0.0
dBv0g-3jxG4,COMP 4304 / 6934 Lecture 19,1,2021-10-25,October,1,9.04
dBv0g-3jxG4,COMP 4304 / 6934 Lecture 19,2,2021-10-25,October,8,19.32
dBv0g-3jxG4,COMP 4304 / 6934 Lecture 19,3,2021-10-25,October,12,27.84
dBv0g-3jxG4,COMP 4304 / 6934 Lecture 19,4,2021-10-25,October,16,34.6
dBv0g-3jxG4,COMP 4304 / 6934 Lecture 19,5,2021-10-25,October,17,40.708333333333336
dBv0g-3jxG4,COMP 4304 / 6934 Lecture 19,6,2021-10-25,October,22,47.208333333333336
dBv0g-3jxG4,COMP 4304 / 6934 Lecture 19,7,2021-10-25,October,26,52.30434782608695
dBv0g-3jxG4,COMP 4304 / 6934 Lecture 19,8,2021-10-25,October,35,58.91304347826087
dBv0g-3jxG4,COMP 4304 / 6934 Lecture 19,9,2021-10-25,October,44,66.21739130434783
dBv0g-3jxG4,COMP 4304 / 6934 Lecture 19,10,2021-10-25,October,52,72.5
dBv0g-3jxG4,COMP 4304 / 6934 Lecture 19,11,2021-10-25,October,59,76.13636363636364
dBv0g-3jxG4,COMP 4304 / 6934 Lecture 19,12,2021-10-25,October,62,81.0
dBv0g-3jxG4,COMP 4304 / 6934 Lecture 19,13,2021-10-25,October,63,85.61904761904762
dBv0g-3jxG4,COMP 4304 / 6934 Lecture 19,14,2021-10-25,October,71,89.0
dBv0g-3jxG4,COMP 4304 / 6934 Lecture 19,15,2021-10-25,October,82,93.1
dBv0g-3jxG4,COMP 4304 / 6934 Lecture 19,16,2021-10-25,October,85,95.8
dBv0g-3jxG4,COMP 4304 / 6934 Lecture 19,17,2021-10-25,October,85,97.89473684210526
dBv0g-3jxG4,COMP 4304 / 6934 Lecture 19,18,2021-10-25,October,86,99.89473684210526
dBv0g-3jxG4,COMP 4304 / 6934 Lecture 19,19,2021-10-25,October,86,101.3157894736842
kcZdUA5HCkw,COMP 4304 / 6934 Lecture 11,0,2021-09-30,September,0,0.0
kcZdUA5HCkw,COMP 4304 / 6934 Lecture 11,1,2021-09-30,September,10,9.04
kcZdUA5HCkw,COMP 4304 / 6934 Lecture 11,2,2021-09-30,September,20,19.32
kcZdUA5HCkw,COMP 4304 / 6934 Lecture 11,3,2021-09-30,September,26,27.84
kcZdUA5HCkw,COMP 4304 / 6934 Lecture 11,4,2021-09-30,September,30,34.6
kcZdUA5HCkw,COMP 4304 / 6934 Lecture 11,5,2021-09-30,September,36,40.708333333333336
kcZdUA5HCkw,COMP 4304 / 6934 Lecture 11,6,2021-09-30,September,41,47.208333333333336
kcZdUA5HCkw,COMP 4304 / 6934 Lecture 11,7,2021-09-30,September,43,52.30434782608695
kcZdUA5HCkw,COMP 4304 / 6934 Lecture 11,8,2021-09-30,September,47,58.91304347826087
kcZdUA5HCkw,COMP 4304 / 6934 Lecture 11,9,2021-09-30,September,51,66.21739130434783
kcZdUA5HCkw,COMP 4304 / 6934 Lecture 11,10,2021-09-30,September,58,72.5
kcZdUA5HCkw,COMP 4304 / 6934 Lecture 11,11,2021-09-30,September,61,76.13636363636364
kcZdUA5HCkw,COMP 4304 / 6934 Lecture 11,12,2021-09-30,September,65,81.0
kcZdUA5HCkw,COMP 4304 / 6934 Lecture 11,13,2021-09-30,September,72,85.61904761904762
kcZdUA5HCkw,COMP 4304 / 6934 Lecture 11,14,2021-09-30,September,81,89.0
kcZdUA5HCkw,COMP 4304 / 6934 Lecture 11,15,2021-09-30,September,83,93.1
kcZdUA5HCkw,COMP 4304 / 6934 Lecture 11,16,2021-09-30,September,83,95.8
kcZdUA5HCkw,COMP 4304 / 6934 Lecture 11,17,2021-09-30,September,87,97.89473684210526
kcZdUA5HCkw,COMP 4304 / 6934 Lecture 11,18,2021-09-30,September,87,99.89473684210526
kcZdUA5HCkw,COMP 4304 / 6934 Lecture 11,19,2021-09-30,September,92,101.3157894736842
kcZdUA5HCkw,COMP 4304 / 6934 Lecture 11,20,2021-09-30,September,96,103.83333333333333
kcZdUA5HCkw,COMP 4304 / 6934 Lecture 11,21,2021-09-30,September,97,107.05882352941177
kcZdUA5HCkw,COMP 4304 / 6934 Lecture 11,22,2021-09-30,September,98,108.29411764705883
kcZdUA5HCkw,COMP 4304 / 6934 Lecture 11,23,2021-09-30,September,100,108.88235294117646
kcZdUA5HCkw,COMP 4304 / 6934 Lecture 11,24,2021-09-30,September,102,111.25
kcZdUA5HCkw,COMP 4304 / 6934 Lecture 11,25,2021-09-30,September,104,112.0625
kcZdUA5HCkw,COMP 4304 / 6934 Lecture 11,26,2021-09-30,September,104,112.75
kcZdUA5HCkw,COMP 4304 / 6934 Lecture 11,27,2021-09-30,September,104,113.6
kcZdUA5HCkw,COMP 4304 / 6934 Lecture 11,28,2021-09-30,September,106,114.26666666666667
kcZdUA5HCkw,COMP 4304 / 6934 Lecture 11,29,2021-09-30,September,106,117.57142857142857
kcZdUA5HCkw,COMP 4304 / 6934 Lecture 11,30,2021-09-30,September,106,117.78571428571429
kcZdUA5HCkw,COMP 4304 / 6934 Lecture 11,31,2021-09-30,September,106,118.21428571428571
kcZdUA5HCkw,COMP 4304 / 6934 Lecture 11,32,2021-09-30,September,106,118.71428571428571
kcZdUA5HCkw,COMP 4304 / 6934 Lecture 11,33,2021-09-30,September,106,118.92857142857143
kcZdUA5HCkw,COMP 4304 / 6934 Lecture 11,34,2021-09-30,September,106,119.42857142857143
kcZdUA5HCkw,COMP 4304 / 6934 Lecture 11,35,2021-09-30,September,106,119.92857142857143
kcZdUA5HCkw,COMP 4304 / 6934 Lecture 11,36,2021-09-30,September,106,120.42857142857143
kcZdUA5HCkw,COMP 4304 / 6934 Lecture 11,37,2021-09-30,September,106,120.71428571428571
kcZdUA5HCkw,COMP 4304 / 6934 Lecture 11,38,2021-09-30,September,106,123.3076923076923
kcZdUA5HCkw,COMP 4304 / 6934 Lecture 11,39,2021-09-30,September,106,123.76923076923077
kcZdUA5HCkw,COMP 4304 / 6934 Lecture 11,40,2021-09-30,September,109,123.33333333333333
kcZdUA5HCkw,COMP 4304 / 6934 Lecture 11,41,2021-09-30,September,109,123.5
kcZdUA5HCkw,COMP 4304 / 6934 Lecture 11,42,2021-09-30,September,109,123.75
kcZdUA5HCkw,COMP 4304 / 6934 Lecture 11,43,2021-09-30,September,110,125.36363636363636
kcZdUA5HCkw,COMP 4304 / 6934 Lecture 11,44,2021-09-30,September,110,125.9090909090909
k5FEaqrRoYc,COMP 4304 / 6934 Lecture 25,0,2021-11-09,November,0,0.0
k5FEaqrRoYc,COMP 4304 / 6934 Lecture 25,1,2021-11-09,November,23,9.04
k5FEaqrRoYc,COMP 4304 / 6934 Lecture 25,2,2021-11-09,November,27,19.32
k5FEaqrRoYc,COMP 4304 / 6934 Lecture 25,3,2021-11-09,November,31,27.84
k5FEaqrRoYc,COMP 4304 / 6934 Lecture 25,4,2021-11-09,November,34,34.6
5XUqsv_X9_U,COMP 4304 / 6934 Lecture 5,0,2021-09-16,September,0,0.0
5XUqsv_X9_U,COMP 4304 / 6934 Lecture 5,1,2021-09-16,September,15,9.04
5XUqsv_X9_U,COMP 4304 / 6934 Lecture 5,2,2021-09-16,September,25,19.32
5XUqsv_X9_U,COMP 4304 / 6934 Lecture 5,3,2021-09-16,September,31,27.84
5XUqsv_X9_U,COMP 4304 / 6934 Lecture 5,4,2021-09-16,September,40,34.6
5XUqsv_X9_U,COMP 4304 / 6934 Lecture 5,5,2021-09-16,September,42,40.708333333333336
5XUqsv_X9_U,COMP 4304 / 6934 Lecture 5,6,2021-09-16,September,46,47.208333333333336
5XUqsv_X9_U,COMP 4304 / 6934 Lecture 5,7,2021-09-16,September,48,52.30434782608695
5XUqsv_X9_U,COMP 4304 / 6934 Lecture 5,8,2021-09-16,September,51,58.91304347826087
5XUqsv_X9_U,COMP 4304 / 6934 Lecture 5,9,2021-09-16,September,54,66.21739130434783
5XUqsv_X9_U,COMP 4304 / 6934 Lecture 5,10,2021-09-16,September,56,72.5
5XUqsv_X9_U,COMP 4304 / 6934 Lecture 5,11,2021-09-16,September,60,76.13636363636364
5XUqsv_X9_U,COMP 4304 / 6934 Lecture 5,12,2021-09-16,September,67,81.0
5XUqsv_X9_U,COMP 4304 / 6934 Lecture 5,13,2021-09-16,September,76,85.61904761904762
5XUqsv_X9_U,COMP 4304 / 6934 Lecture 5,14,2021-09-16,September,77,89.0
5XUqsv_X9_U,COMP 4304 / 6934 Lecture 5,15,2021-09-16,September,77,93.1
5XUqsv_X9_U,COMP 4304 / 6934 Lecture 5,16,2021-09-16,September,78,95.8
5XUqsv_X9_U,COMP 4304 / 6934 Lecture 5,17,2021-09-16,September,79,97.89473684210526
5XUqsv_X9_U,COMP 4304 / 6934 Lecture 5,18,2021-09-16,September,80,99.89473684210526
5XUqsv_X9_U,COMP 4304 / 6934 Lecture 5,19,2021-09-16,September,82,101.3157894736842
5XUqsv_X9_U,COMP 4304 / 6934 Lecture 5,20,2021-09-16,September,87,103.83333333333333
5XUqsv_X9_U,COMP 4304 / 6934 Lecture 5,21,2021-09-16,September,87,107.05882352941177
5XUqsv_X9_U,COMP 4304 / 6934 Lecture 5,22,2021-09-16,September,87,108.29411764705883
5XUqsv_X9_U,COMP 4304 / 6934 Lecture 5,23,2021-09-16,September,87,108.88235294117646
5XUqsv_X9_U,COMP 4304 / 6934 Lecture 5,24,2021-09-16,September,87,111.25
5XUqsv_X9_U,COMP 4304 / 6934 Lecture 5,25,2021-09-16,September,88,112.0625
5XUqsv_X9_U,COMP 4304 / 6934 Lecture 5,26,2021-09-16,September,91,112.75
5XUqsv_X9_U,COMP 4304 / 6934 Lecture 5,27,2021-09-16,September,93,113.6
5XUqsv_X9_U,COMP 4304 / 6934 Lecture 5,28,2021-09-16,September,93,114.26666666666667
5XUqsv_X9_U,COMP 4304 / 6934 Lecture 5,29,2021-09-16,September,93,117.57142857142857
5XUqsv_X9_U,COMP 4304 / 6934 Lecture 5,30,2021-09-16,September,93,117.78571428571429
5XUqsv_X9_U,COMP 4304 / 6934 Lecture 5,31,2021-09-16,September,94,118.21428571428571
5XUqsv_X9_U,COMP 4304 / 6934 Lecture 5,32,2021-09-16,September,94,118.71428571428571
5XUqsv_X9_U,COMP 4304 / 6934 Lecture 5,33,2021-09-16,September,95,118.92857142857143
5XUqsv_X9_U,COMP 4304 / 6934 Lecture 5,34,2021-09-16,September,99,119.42857142857143
5XUqsv_X9_U,COMP 4304 / 6934 Lecture 5,35,2021-09-16,September,101,119.92857142857143
5XUqsv_X9_U,COMP 4304 / 6934 Lecture 5,36,2021-09-16,September,104,120.42857142857143
5XUqsv_X9_U,COMP 4304 / 6934 Lecture 5,37,2021-09-16,September,105,120.71428571428571
5XUqsv_X9_U,COMP 4304 / 6934 Lecture 5,38,2021-09-16,September,110,123.3076923076923
5XUqsv_X9_U,COMP 4304 / 6934 Lecture 5,39,2021-09-16,September,114,123.76923076923077
5XUqsv_X9_U,COMP 4304 / 6934 Lecture 5,40,2021-09-16,September,114,123.33333333333333
5XUqsv_X9_U,COMP 4304 / 6934 Lecture 5,41,2021-09-16,September,114,123.5
5XUqsv_X9_U,COMP 4304 / 6934 Lecture 5,42,2021-09-16,September,115,123.75
5XUqsv_X9_U,COMP 4304 / 6934 Lecture 5,43,2021-09-16,September,115,125.36363636363636
5XUqsv_X9_U,COMP 4304 / 6934 Lecture 5,44,2021-09-16,September,115,125.9090909090909
5XUqsv_X9_U,COMP 4304 / 6934 Lecture 5,45,2021-09-16,September,115,127.7
5XUqsv_X9_U,COMP 4304 / 6934 Lecture 5,46,2021-09-16,September,115,127.9
5XUqsv_X9_U,COMP 4304 / 6934 Lecture 5,47,2021-09-16,September,115,125.11111111111111
5XUqsv_X9_U,COMP 4304 / 6934 Lecture 5,48,2021-09-16,September,115,125.22222222222223
5XUqsv_X9_U,COMP 4304 / 6934 Lecture 5,49,2021-09-16,September,115,123.5
5XUqsv_X9_U,COMP 4304 / 6934 Lecture 5,50,2021-09-16,September,115,123.625
5XUqsv_X9_U,COMP 4304 / 6934 Lecture 5,51,2021-09-16,September,115,123.875
5XUqsv_X9_U,COMP 4304 / 6934 Lecture 5,52,2021-09-16,September,115,127.0
5XUqsv_X9_U,COMP 4304 / 6934 Lecture 5,53,2021-09-16,September,115,127.42857142857143
5XUqsv_X9_U,COMP 4304 / 6934 Lecture 5,54,2021-09-16,September,115,127.71428571428571
5XUqsv_X9_U,COMP 4304 / 6934 Lecture 5,55,2021-09-16,September,115,129.16666666666666
5XUqsv_X9_U,COMP 4304 / 6934 Lecture 5,56,2021-09-16,September,115,133.2
5XUqsv_X9_U,COMP 4304 / 6934 Lecture 5,57,2021-09-16,September,115,133.2
5XUqsv_X9_U,COMP 4304 / 6934 Lecture 5,58,2021-09-16,September,115,133.6
9cxHwBvu5TI,COMP 4304 / 6934 Lecture 13,0,2021-10-05,October,0,0.0
9cxHwBvu5TI,COMP 4304 / 6934 Lecture 13,1,2021-10-05,October,13,9.04
9cxHwBvu5TI,COMP 4304 / 6934 Lecture 13,2,2021-10-05,October,26,19.32
9cxHwBvu5TI,COMP 4304 / 6934 Lecture 13,3,2021-10-05,October,35,27.84
9cxHwBvu5TI,COMP 4304 / 6934 Lecture 13,4,2021-10-05,October,38,34.6
9cxHwBvu5TI,COMP 4304 / 6934 Lecture 13,5,2021-10-05,October,44,40.708333333333336
9cxHwBvu5TI,COMP 4304 / 6934 Lecture 13,6,2021-10-05,October,52,47.208333333333336
9cxHwBvu5TI,COMP 4304 / 6934 Lecture 13,7,2021-10-05,October,63,52.30434782608695
9cxHwBvu5TI,COMP 4304 / 6934 Lecture 13,8,2021-10-05,October,79,58.91304347826087
9cxHwBvu5TI,COMP 4304 / 6934 Lecture 13,9,2021-10-05,October,101,66.21739130434783
9cxHwBvu5TI,COMP 4304 / 6934 Lecture 13,10,2021-10-05,October,106,72.5
9cxHwBvu5TI,COMP 4304 / 6934 Lecture 13,11,2021-10-05,October,108,76.13636363636364
9cxHwBvu5TI,COMP 4304 / 6934 Lecture 13,12,2021-10-05,October,110,81.0
9cxHwBvu5TI,COMP 4304 / 6934 Lecture 13,13,2021-10-05,October,110,85.61904761904762
9cxHwBvu5TI,COMP 4304 / 6934 Lecture 13,14,2021-10-05,October,115,89.0
9cxHwBvu5TI,COMP 4304 / 6934 Lecture 13,15,2021-10-05,October,117,93.1
9cxHwBvu5TI,COMP 4304 / 6934 Lecture 13,16,2021-10-05,October,117,95.8
9cxHwBvu5TI,COMP 4304 / 6934 Lecture 13,17,2021-10-05,October,119,97.89473684210526
9cxHwBvu5TI,COMP 4304 / 6934 Lecture 13,18,2021-10-05,October,120,99.89473684210526
9cxHwBvu5TI,COMP 4304 / 6934 Lecture 13,19,2021-10-05,October,122,101.3157894736842
9cxHwBvu5TI,COMP 4304 / 6934 Lecture 13,20,2021-10-05,October,126,103.83333333333333
9cxHwBvu5TI,COMP 4304 / 6934 Lecture 13,21,2021-10-05,October,127,107.05882352941177
9cxHwBvu5TI,COMP 4304 / 6934 Lecture 13,22,2021-10-05,October,128,108.29411764705883
9cxHwBvu5TI,COMP 4304 / 6934 Lecture 13,23,2021-10-05,October,129,108.88235294117646
9cxHwBvu5TI,COMP 4304 / 6934 Lecture 13,24,2021-10-05,October,129,111.25
9cxHwBvu5TI,COMP 4304 / 6934 Lecture 13,25,2021-10-05,October,130,112.0625
9cxHwBvu5TI,COMP 4304 / 6934 Lecture 13,26,2021-10-05,October,130,112.75
9cxHwBvu5TI,COMP 4304 / 6934 Lecture 13,27,2021-10-05,October,131,113.6
9cxHwBvu5TI,COMP 4304 / 6934 Lecture 13,28,2021-10-05,October,131,114.26666666666667
9cxHwBvu5TI,COMP 4304 / 6934 Lecture 13,29,2021-10-05,October,132,117.57142857142857
9cxHwBvu5TI,COMP 4304 / 6934 Lecture 13,30,2021-10-05,October,132,117.78571428571429
9cxHwBvu5TI,COMP 4304 / 6934 Lecture 13,31,2021-10-05,October,132,118.21428571428571
9cxHwBvu5TI,COMP 4304 / 6934 Lecture 13,32,2021-10-05,October,132,118.71428571428571
9cxHwBvu5TI,COMP 4304 / 6934 Lecture 13,33,2021-10-05,October,132,118.92857142857143
9cxHwBvu5TI,COMP 4304 / 6934 Lecture 13,34,2021-10-05,October,132,119.42857142857143
9cxHwBvu5TI,COMP 4304 / 6934 Lecture 13,35,2021-10-05,October,133,119.92857142857143
9cxHwBvu5TI,COMP 4304 / 6934 Lecture 13,36,2021-10-05,October,134,120.42857142857143
9cxHwBvu5TI,COMP 4304 / 6934 Lecture 13,37,2021-10-05,October,134,120.71428571428571
9cxHwBvu5TI,COMP 4304 / 6934 Lecture 13,38,2021-10-05,October,134,123.3076923076923
9cxHwBvu5TI,COMP 4304 / 6934 Lecture 13,39,2021-10-05,October,134,123.76923076923077
AYg1PnPia54,COMP 4304 / 6934 Lecture 4,0,2021-09-14,September,0,0.0
AYg1PnPia54,COMP 4304 / 6934 Lecture 4,1,2021-09-14,September,27,9.04
AYg1PnPia54,COMP 4304 / 6934 Lecture 4,2,2021-09-14,September,41,19.32
AYg1PnPia54,COMP 4304 / 6934 Lecture 4,3,2021-09-14,September,46,27.84
AYg1PnPia54,COMP 4304 / 6934 Lecture 4,4,2021-09-14,September,49,34.6
AYg1PnPia54,COMP 4304 / 6934 Lecture 4,5,2021-09-14,September,55,40.708333333333336
AYg1PnPia54,COMP 4304 / 6934 Lecture 4,6,2021-09-14,September,69,47.208333333333336
AYg1PnPia54,COMP 4304 / 6934 Lecture 4,7,2021-09-14,September,70,52.30434782608695
AYg1PnPia54,COMP 4304 / 6934 Lecture 4,8,2021-09-14,September,71,58.91304347826087
AYg1PnPia54,COMP 4304 / 6934 Lecture 4,9,2021-09-14,September,75,66.21739130434783
AYg1PnPia54,COMP 4304 / 6934 Lecture 4,10,2021-09-14,September,80,72.5
AYg1PnPia54,COMP 4304 / 6934 Lecture 4,11,2021-09-14,September,81,76.13636363636364
AYg1PnPia54,COMP 4304 / 6934 Lecture 4,12,2021-09-14,September,83,81.0
AYg1PnPia54,COMP 4304 / 6934 Lecture 4,13,2021-09-14,September,85,85.61904761904762
AYg1PnPia54,COMP 4304 / 6934 Lecture 4,14,2021-09-14,September,96,89.0
AYg1PnPia54,COMP 4304 / 6934 Lecture 4,15,2021-09-14,September,109,93.1
AYg1PnPia54,COMP 4304 / 6934 Lecture 4,16,2021-09-14,September,110,95.8
AYg1PnPia54,COMP 4304 / 6934 Lecture 4,17,2021-09-14,September,111,97.89473684210526
AYg1PnPia54,COMP 4304 / 6934 Lecture 4,18,2021-09-14,September,113,99.89473684210526
AYg1PnPia54,COMP 4304 / 6934 Lecture 4,19,2021-09-14,September,114,101.3157894736842
AYg1PnPia54,COMP 4304 / 6934 Lecture 4,20,2021-09-14,September,115,103.83333333333333
AYg1PnPia54,COMP 4304 / 6934 Lecture 4,21,2021-09-14,September,116,107.05882352941177
AYg1PnPia54,COMP 4304 / 6934 Lecture 4,22,2021-09-14,September,120,108.29411764705883
AYg1PnPia54,COMP 4304 / 6934 Lecture 4,23,2021-09-14,September,120,108.88235294117646
AYg1PnPia54,COMP 4304 / 6934 Lecture 4,24,2021-09-14,September,120,111.25
AYg1PnPia54,COMP 4304 / 6934 Lecture 4,25,2021-09-14,September,120,112.0625
AYg1PnPia54,COMP 4304 / 6934 Lecture 4,26,2021-09-14,September,120,112.75
AYg1PnPia54,COMP 4304 / 6934 Lecture 4,27,2021-09-14,September,120,113.6
AYg1PnPia54,COMP 4304 / 6934 Lecture 4,28,2021-09-14,September,122,114.26666666666667
AYg1PnPia54,COMP 4304 / 6934 Lecture 4,29,2021-09-14,September,122,117.57142857142857
AYg1PnPia54,COMP 4304 / 6934 Lecture 4,30,2021-09-14,September,122,117.78571428571429
AYg1PnPia54,COMP 4304 / 6934 Lecture 4,31,2021-09-14,September,122,118.21428571428571
AYg1PnPia54,COMP 4304 / 6934 Lecture 4,32,2021-09-14,September,122,118.71428571428571
AYg1PnPia54,COMP 4304 / 6934 Lecture 4,33,2021-09-14,September,122,118.92857142857143
AYg1PnPia54,COMP 4304 / 6934 Lecture 4,34,2021-09-14,September,122,119.42857142857143
AYg1PnPia54,COMP 4304 / 6934 Lecture 4,35,2021-09-14,September,122,119.92857142857143
AYg1PnPia54,COMP 4304 / 6934 Lecture 4,36,2021-09-14,September,122,120.42857142857143
AYg1PnPia54,COMP 4304 / 6934 Lecture 4,37,2021-09-14,September,123,120.71428571428571
AYg1PnPia54,COMP 4304 / 6934 Lecture 4,38,2021-09-14,September,123,123.3076923076923
AYg1PnPia54,COMP 4304 / 6934 Lecture 4,39,2021-09-14,September,123,123.76923076923077
AYg1PnPia54,COMP 4304 / 6934 Lecture 4,40,2021-09-14,September,124,123.33333333333333
AYg1PnPia54,COMP 4304 / 6934 Lecture 4,41,2021-09-14,September,124,123.5
AYg1PnPia54,COMP 4304 / 6934 Lecture 4,42,2021-09-14,September,124,123.75
AYg1PnPia54,COMP 4304 / 6934 Lecture 4,43,2021-09-14,September,124,125.36363636363636
AYg1PnPia54,COMP 4304 / 6934 Lecture 4,44,2021-09-14,September,125,125.9090909090909
AYg1PnPia54,COMP 4304 / 6934 Lecture 4,45,2021-09-14,September,125,127.7
AYg1PnPia54,COMP 4304 / 6934 Lecture 4,46,2021-09-14,September,125,127.9
AYg1PnPia54,COMP 4304 / 6934 Lecture 4,47,2021-09-14,September,125,125.11111111111111
AYg1PnPia54,COMP 4304 / 6934 Lecture 4,48,2021-09-14,September,125,125.22222222222223
AYg1PnPia54,COMP 4304 / 6934 Lecture 4,49,2021-09-14,September,125,123.5
AYg1PnPia54,COMP 4304 / 6934 Lecture 4,50,2021-09-14,September,125,123.625
AYg1PnPia54,COMP 4304 / 6934 Lecture 4,51,2021-09-14,September,125,123.875
AYg1PnPia54,COMP 4304 / 6934 Lecture 4,52,2021-09-14,September,125,127.0
AYg1PnPia54,COMP 4304 / 6934 Lecture 4,53,2021-09-14,September,125,127.42857142857143
AYg1PnPia54,COMP 4304 / 6934 Lecture 4,54,2021-09-14,September,126,127.71428571428571
AYg1PnPia54,COMP 4304 / 6934 Lecture 4,55,2021-09-14,September,127,129.16666666666666
AYg1PnPia54,COMP 4304 / 6934 Lecture 4,56,2021-09-14,September,129,133.2
AYg1PnPia54,COMP 4304 / 6934 Lecture 4,57,2021-09-14,September,129,133.2
AYg1PnPia54,COMP 4304 / 6934 Lecture 4,58,2021-09-14,September,130,133.6
AYg1PnPia54,COMP 4304 / 6934 Lecture 4,59,2021-09-14,September,130,138.25
AYg1PnPia54,COMP 4304 / 6934 Lecture 4,60,2021-09-14,September,130,138.25
BMr4-5DilXg,COMP 4304 / 6934 Lecture 3,0,2021-09-11,September,0,0.0
BMr4-5DilXg,COMP 4304 / 6934 Lecture 3,1,2021-09-11,September,1,9.04
BMr4-5DilXg,COMP 4304 / 6934 Lecture 3,2,2021-09-11,September,35,19.32
BMr4-5DilXg,COMP 4304 / 6934 Lecture 3,3,2021-09-11,September,43,27.84
BMr4-5DilXg,COMP 4304 / 6934 Lecture 3,4,2021-09-11,September,61,34.6
BMr4-5DilXg,COMP 4304 / 6934 Lecture 3,5,2021-09-11,September,72,40.708333333333336
BMr4-5DilXg,COMP 4304 / 6934 Lecture 3,6,2021-09-11,September,76,47.208333333333336
BMr4-5DilXg,COMP 4304 / 6934 Lecture 3,7,2021-09-11,September,84,52.30434782608695
BMr4-5DilXg,COMP 4304 / 6934 Lecture 3,8,2021-09-11,September,102,58.91304347826087
BMr4-5DilXg,COMP 4304 / 6934 Lecture 3,9,2021-09-11,September,116,66.21739130434783
BMr4-5DilXg,COMP 4304 / 6934 Lecture 3,10,2021-09-11,September,116,72.5
BMr4-5DilXg,COMP 4304 / 6934 Lecture 3,11,2021-09-11,September,116,76.13636363636364
BMr4-5DilXg,COMP 4304 / 6934 Lecture 3,12,2021-09-11,September,117,81.0
BMr4-5DilXg,COMP 4304 / 6934 Lecture 3,13,2021-09-11,September,117,85.61904761904762
BMr4-5DilXg,COMP 4304 / 6934 Lecture 3,14,2021-09-11,September,118,89.0
BMr4-5DilXg,COMP 4304 / 6934 Lecture 3,15,2021-09-11,September,120,93.1
BMr4-5DilXg,COMP 4304 / 6934 Lecture 3,16,2021-09-11,September,125,95.8
BMr4-5DilXg,COMP 4304 / 6934 Lecture 3,17,2021-09-11,September,128,97.89473684210526
BMr4-5DilXg,COMP 4304 / 6934 Lecture 3,18,2021-09-11,September,133,99.89473684210526
BMr4-5DilXg,COMP 4304 / 6934 Lecture 3,19,2021-09-11,September,134,101.3157894736842
BMr4-5DilXg,COMP 4304 / 6934 Lecture 3,20,2021-09-11,September,135,103.83333333333333
BMr4-5DilXg,COMP 4304 / 6934 Lecture 3,21,2021-09-11,September,136,107.05882352941177
BMr4-5DilXg,COMP 4304 / 6934 Lecture 3,22,2021-09-11,September,136,108.29411764705883
BMr4-5DilXg,COMP 4304 / 6934 Lecture 3,23,2021-09-11,September,136,108.88235294117646
BMr4-5DilXg,COMP 4304 / 6934 Lecture 3,24,2021-09-11,September,136,111.25
BMr4-5DilXg,COMP 4304 / 6934 Lecture 3,25,2021-09-11,September,137,112.0625
BMr4-5DilXg,COMP 4304 / 6934 Lecture 3,26,2021-09-11,September,137,112.75
BMr4-5DilXg,COMP 4304 / 6934 Lecture 3,27,2021-09-11,September,137,113.6
BMr4-5DilXg,COMP 4304 / 6934 Lecture 3,28,2021-09-11,September,137,114.26666666666667
BMr4-5DilXg,COMP 4304 / 6934 Lecture 3,29,2021-09-11,September,137,117.57142857142857
BMr4-5DilXg,COMP 4304 / 6934 Lecture 3,30,2021-09-11,September,137,117.78571428571429
BMr4-5DilXg,COMP 4304 / 6934 Lecture 3,31,2021-09-11,September,139,118.21428571428571
BMr4-5DilXg,COMP 4304 / 6934 Lecture 3,32,2021-09-11,September,140,118.71428571428571
BMr4-5DilXg,COMP 4304 / 6934 Lecture 3,33,2021-09-11,September,140,118.92857142857143
BMr4-5DilXg,COMP 4304 / 6934 Lecture 3,34,2021-09-11,September,140,119.42857142857143
BMr4-5DilXg,COMP 4304 / 6934 Lecture 3,35,2021-09-11,September,140,119.92857142857143
BMr4-5DilXg,COMP 4304 / 6934 Lecture 3,36,2021-09-11,September,140,120.42857142857143
BMr4-5DilXg,COMP 4304 / 6934 Lecture 3,37,2021-09-11,September,140,120.71428571428571
BMr4-5DilXg,COMP 4304 / 6934 Lecture 3,38,2021-09-11,September,140,123.3076923076923
BMr4-5DilXg,COMP 4304 / 6934 Lecture 3,39,2021-09-11,September,140,123.76923076923077
BMr4-5DilXg,COMP 4304 / 6934 Lecture 3,40,2021-09-11,September,140,123.33333333333333
BMr4-5DilXg,COMP 4304 / 6934 Lecture 3,41,2021-09-11,September,140,123.5
BMr4-5DilXg,COMP 4304 / 6934 Lecture 3,42,2021-09-11,September,140,123.75
BMr4-5DilXg,COMP 4304 / 6934 Lecture 3,43,2021-09-11,September,141,125.36363636363636
BMr4-5DilXg,COMP 4304 / 6934 Lecture 3,44,2021-09-11,September,142,125.9090909090909
BMr4-5DilXg,COMP 4304 / 6934 Lecture 3,45,2021-09-11,September,142,127.7
BMr4-5DilXg,COMP 4304 / 6934 Lecture 3,46,2021-09-11,September,144,127.9
BMr4-5DilXg,COMP 4304 / 6934 Lecture 3,47,2021-09-11,September,146,125.11111111111111
BMr4-5DilXg,COMP 4304 / 6934 Lecture 3,48,2021-09-11,September,146,125.22222222222223
BMr4-5DilXg,COMP 4304 / 6934 Lecture 3,49,2021-09-11,September,146,123.5
BMr4-5DilXg,COMP 4304 / 6934 Lecture 3,50,2021-09-11,September,146,123.625
BMr4-5DilXg,COMP 4304 / 6934 Lecture 3,51,2021-09-11,September,146,123.875
BMr4-5DilXg,COMP 4304 / 6934 Lecture 3,52,2021-09-11,September,146,127.0
BMr4-5DilXg,COMP 4304 / 6934 Lecture 3,53,2021-09-11,September,147,127.42857142857143
BMr4-5DilXg,COMP 4304 / 6934 Lecture 3,54,2021-09-11,September,147,127.71428571428571
BMr4-5DilXg,COMP 4304 / 6934 Lecture 3,55,2021-09-11,September,147,129.16666666666666
BMr4-5DilXg,COMP 4304 / 6934 Lecture 3,56,2021-09-11,September,147,133.2
BMr4-5DilXg,COMP 4304 / 6934 Lecture 3,57,2021-09-11,September,147,133.2
BMr4-5DilXg,COMP 4304 / 6934 Lecture 3,58,2021-09-11,September,148,133.6
BMr4-5DilXg,COMP 4304 / 6934 Lecture 3,59,2021-09-11,September,148,138.25
BMr4-5DilXg,COMP 4304 / 6934 Lecture 3,60,2021-09-11,September,148,138.25
BMr4-5DilXg,COMP 4304 / 6934 Lecture 3,61,2021-09-11,September,148,141.33333333333334
BMr4-5DilXg,COMP 4304 / 6934 Lecture 3,62,2021-09-11,September,148,141.66666666666666
BMr4-5DilXg,COMP 4304 / 6934 Lecture 3,63,2021-09-11,September,148,141.66666666666666
CK-NH_A_RTo,COMP 4304 / 6934 Lecture 2,0,2021-09-07,September,0,0.0
CK-NH_A_RTo,COMP 4304 / 6934 Lecture 2,1,2021-09-07,September,2,9.04
CK-NH_A_RTo,COMP 4304 / 6934 Lecture 2,2,2021-09-07,September,5,19.32
CK-NH_A_RTo,COMP 4304 / 6934 Lecture 2,3,2021-09-07,September,44,27.84
CK-NH_A_RTo,COMP 4304 / 6934 Lecture 2,4,2021-09-07,September,55,34.6
CK-NH_A_RTo,COMP 4304 / 6934 Lecture 2,5,2021-09-07,September,70,40.708333333333336
CK-NH_A_RTo,COMP 4304 / 6934 Lecture 2,6,2021-09-07,September,90,47.208333333333336
CK-NH_A_RTo,COMP 4304 / 6934 Lecture 2,7,2021-09-07,September,94,52.30434782608695
CK-NH_A_RTo,COMP 4304 / 6934 Lecture 2,8,2021-09-07,September,103,58.91304347826087
CK-NH_A_RTo,COMP 4304 / 6934 Lecture 2,9,2021-09-07,September,111,66.21739130434783
CK-NH_A_RTo,COMP 4304 / 6934 Lecture 2,10,2021-09-07,September,115,72.5
CK-NH_A_RTo,COMP 4304 / 6934 Lecture 2,11,2021-09-07,September,120,76.13636363636364
CK-NH_A_RTo,COMP 4304 / 6934 Lecture 2,12,2021-09-07,September,131,81.0
CK-NH_A_RTo,COMP 4304 / 6934 Lecture 2,13,2021-09-07,September,139,85.61904761904762
CK-NH_A_RTo,COMP 4304 / 6934 Lecture 2,14,2021-09-07,September,140,89.0
CK-NH_A_RTo,COMP 4304 / 6934 Lecture 2,15,2021-09-07,September,140,93.1
CK-NH_A_RTo,COMP 4304 / 6934 Lecture 2,16,2021-09-07,September,141,95.8
CK-NH_A_RTo,COMP 4304 / 6934 Lecture 2,17,2021-09-07,September,141,97.89473684210526
CK-NH_A_RTo,COMP 4304 / 6934 Lecture 2,18,2021-09-07,September,141,99.89473684210526
CK-NH_A_RTo,COMP 4304 / 6934 Lecture 2,19,2021-09-07,September,141,101.3157894736842
CK-NH_A_RTo,COMP 4304 / 6934 Lecture 2,20,2021-09-07,September,142,103.83333333333333
CK-NH_A_RTo,COMP 4304 / 6934 Lecture 2,21,2021-09-07,September,142,107.05882352941177
CK-NH_A_RTo,COMP 4304 / 6934 Lecture 2,22,2021-09-07,September,145,108.29411764705883
CK-NH_A_RTo,COMP 4304 / 6934 Lecture 2,23,2021-09-07,September,145,108.88235294117646
CK-NH_A_RTo,COMP 4304 / 6934 Lecture 2,24,2021-09-07,September,145,111.25
CK-NH_A_RTo,COMP 4304 / 6934 Lecture 2,25,2021-09-07,September,147,112.0625
CK-NH_A_RTo,COMP 4304 / 6934 Lecture 2,26,2021-09-07,September,147,112.75
CK-NH_A_RTo,COMP 4304 / 6934 Lecture 2,27,2021-09-07,September,147,113.6
CK-NH_A_RTo,COMP 4304 / 6934 Lecture 2,28,2021-09-07,September,147,114.26666666666667
CK-NH_A_RTo,COMP 4304 / 6934 Lecture 2,29,2021-09-07,September,149,117.57142857142857
CK-NH_A_RTo,COMP 4304 / 6934 Lecture 2,30,2021-09-07,September,149,117.78571428571429
CK-NH_A_RTo,COMP 4304 / 6934 Lecture 2,31,2021-09-07,September,149,118.21428571428571
CK-NH_A_RTo,COMP 4304 / 6934 Lecture 2,32,2021-09-07,September,149,118.71428571428571
CK-NH_A_RTo,COMP 4304 / 6934 Lecture 2,33,2021-09-07,September,149,118.92857142857143
CK-NH_A_RTo,COMP 4304 / 6934 Lecture 2,34,2021-09-07,September,149,119.42857142857143
CK-NH_A_RTo,COMP 4304 / 6934 Lecture 2,35,2021-09-07,September,149,119.92857142857143
CK-NH_A_RTo,COMP 4304 / 6934 Lecture 2,36,2021-09-07,September,149,120.42857142857143
CK-NH_A_RTo,COMP 4304 / 6934 Lecture 2,37,2021-09-07,September,149,120.71428571428571
CK-NH_A_RTo,COMP 4304 / 6934 Lecture 2,38,2021-09-07,September,149,123.3076923076923
CK-NH_A_RTo,COMP 4304 / 6934 Lecture 2,39,2021-09-07,September,149,123.76923076923077
CK-NH_A_RTo,COMP 4304 / 6934 Lecture 2,40,2021-09-07,September,149,123.33333333333333
CK-NH_A_RTo,COMP 4304 / 6934 Lecture 2,41,2021-09-07,September,149,123.5
CK-NH_A_RTo,COMP 4304 / 6934 Lecture 2,42,2021-09-07,September,149,123.75
CK-NH_A_RTo,COMP 4304 / 6934 Lecture 2,43,2021-09-07,September,149,125.36363636363636
CK-NH_A_RTo,COMP 4304 / 6934 Lecture 2,44,2021-09-07,September,150,125.9090909090909
CK-NH_A_RTo,COMP 4304 / 6934 Lecture 2,45,2021-09-07,September,150,127.7
CK-NH_A_RTo,COMP 4304 / 6934 Lecture 2,46,2021-09-07,September,150,127.9
CK-NH_A_RTo,COMP 4304 / 6934 Lecture 2,47,2021-09-07,September,150,125.11111111111111
CK-NH_A_RTo,COMP 4304 / 6934 Lecture 2,48,2021-09-07,September,151,125.22222222222223
CK-NH_A_RTo,COMP 4304 / 6934 Lecture 2,49,2021-09-07,September,151,123.5
CK-NH_A_RTo,COMP 4304 / 6934 Lecture 2,50,2021-09-07,September,151,123.625
CK-NH_A_RTo,COMP 4304 / 6934 Lecture 2,51,2021-09-07,September,152,123.875
CK-NH_A_RTo,COMP 4304 / 6934 Lecture 2,52,2021-09-07,September,152,127.0
CK-NH_A_RTo,COMP 4304 / 6934 Lecture 2,53,2021-09-07,September,152,127.42857142857143
CK-NH_A_RTo,COMP 4304 / 6934 Lecture 2,54,2021-09-07,September,152,127.71428571428571
CK-NH_A_RTo,COMP 4304 / 6934 Lecture 2,55,2021-09-07,September,152,129.16666666666666
CK-NH_A_RTo,COMP 4304 / 6934 Lecture 2,56,2021-09-07,September,152,133.2
CK-NH_A_RTo,COMP 4304 / 6934 Lecture 2,57,2021-09-07,September,152,133.2
CK-NH_A_RTo,COMP 4304 / 6934 Lecture 2,58,2021-09-07,September,152,133.6
CK-NH_A_RTo,COMP 4304 / 6934 Lecture 2,59,2021-09-07,September,152,138.25
CK-NH_A_RTo,COMP 4304 / 6934 Lecture 2,60,2021-09-07,September,152,138.25
CK-NH_A_RTo,COMP 4304 / 6934 Lecture 2,61,2021-09-07,September,153,141.33333333333334
CK-NH_A_RTo,COMP 4304 / 6934 Lecture 2,62,2021-09-07,September,153,141.66666666666666
CK-NH_A_RTo,COMP 4304 / 6934 Lecture 2,63,2021-09-07,September,153,141.66666666666666
CK-NH_A_RTo,COMP 4304 / 6934 Lecture 2,64,2021-09-07,September,153,139.0
CK-NH_A_RTo,COMP 4304 / 6934 Lecture 2,65,2021-09-07,September,153,139.0
CK-NH_A_RTo,COMP 4304 / 6934 Lecture 2,66,2021-09-07,September,153,139.0
CK-NH_A_RTo,COMP 4304 / 6934 Lecture 2,67,2021-09-07,September,153,139.0
LqOsqDb0Ci0,COMP 4304 / 6934 Lecture 16,0,2021-10-18,October,0,0.0
LqOsqDb0Ci0,COMP 4304 / 6934 Lecture 16,1,2021-10-18,October,1,9.04
LqOsqDb0Ci0,COMP 4304 / 6934 Lecture 16,2,2021-10-18,October,13,19.32
LqOsqDb0Ci0,COMP 4304 / 6934 Lecture 16,3,2021-10-18,October,22,27.84
LqOsqDb0Ci0,COMP 4304 / 6934 Lecture 16,4,2021-10-18,October,26,34.6
LqOsqDb0Ci0,COMP 4304 / 6934 Lecture 16,5,2021-10-18,October,32,40.708333333333336
LqOsqDb0Ci0,COMP 4304 / 6934 Lecture 16,6,2021-10-18,October,44,47.208333333333336
LqOsqDb0Ci0,COMP 4304 / 6934 Lecture 16,7,2021-10-18,October,50,52.30434782608695
LqOsqDb0Ci0,COMP 4304 / 6934 Lecture 16,8,2021-10-18,October,55,58.91304347826087
LqOsqDb0Ci0,COMP 4304 / 6934 Lecture 16,9,2021-10-18,October,55,66.21739130434783
LqOsqDb0Ci0,COMP 4304 / 6934 Lecture 16,10,2021-10-18,October,58,72.5
LqOsqDb0Ci0,COMP 4304 / 6934 Lecture 16,11,2021-10-18,October,62,76.13636363636364
LqOsqDb0Ci0,COMP 4304 / 6934 Lecture 16,12,2021-10-18,October,67,81.0
LqOsqDb0Ci0,COMP 4304 / 6934 Lecture 16,13,2021-10-18,October,78,85.61904761904762
LqOsqDb0Ci0,COMP 4304 / 6934 Lecture 16,14,2021-10-18,October,87,89.0
LqOsqDb0Ci0,COMP 4304 / 6934 Lecture 16,15,2021-10-18,October,101,93.1
LqOsqDb0Ci0,COMP 4304 / 6934 Lecture 16,16,2021-10-18,October,104,95.8
LqOsqDb0Ci0,COMP 4304 / 6934 Lecture 16,17,2021-10-18,October,104,97.89473684210526
LqOsqDb0Ci0,COMP 4304 / 6934 Lecture 16,18,2021-10-18,October,105,99.89473684210526
LqOsqDb0Ci0,COMP 4304 / 6934 Lecture 16,19,2021-10-18,October,105,101.3157894736842
LqOsqDb0Ci0,COMP 4304 / 6934 Lecture 16,20,2021-10-18,October,105,103.83333333333333
LqOsqDb0Ci0,COMP 4304 / 6934 Lecture 16,21,2021-10-18,October,106,107.05882352941177
LqOsqDb0Ci0,COMP 4304 / 6934 Lecture 16,22,2021-10-18,October,109,108.29411764705883
LqOsqDb0Ci0,COMP 4304 / 6934 Lecture 16,23,2021-10-18,October,110,108.88235294117646
LqOsqDb0Ci0,COMP 4304 / 6934 Lecture 16,24,2021-10-18,October,110,111.25
LqOsqDb0Ci0,COMP 4304 / 6934 Lecture 16,25,2021-10-18,October,111,112.0625
LqOsqDb0Ci0,COMP 4304 / 6934 Lecture 16,26,2021-10-18,October,111,112.75
RiO7NLoMqpk,COMP 4304 / 6934 Lecture 9,0,2021-09-26,September,0,0.0
RiO7NLoMqpk,COMP 4304 / 6934 Lecture 9,1,2021-09-26,September,14,9.04
RiO7NLoMqpk,COMP 4304 / 6934 Lecture 9,2,2021-09-26,September,27,19.32
RiO7NLoMqpk,COMP 4304 / 6934 Lecture 9,3,2021-09-26,September,37,27.84
RiO7NLoMqpk,COMP 4304 / 6934 Lecture 9,4,2021-09-26,September,44,34.6
RiO7NLoMqpk,COMP 4304 / 6934 Lecture 9,5,2021-09-26,September,48,40.708333333333336
RiO7NLoMqpk,COMP 4304 / 6934 Lecture 9,6,2021-09-26,September,54,47.208333333333336
RiO7NLoMqpk,COMP 4304 / 6934 Lecture 9,7,2021-09-26,September,61,52.30434782608695
RiO7NLoMqpk,COMP 4304 / 6934 Lecture 9,8,2021-09-26,September,65,58.91304347826087
RiO7NLoMqpk,COMP 4304 / 6934 Lecture 9,9,2021-09-26,September,67,66.21739130434783
RiO7NLoMqpk,COMP 4304 / 6934 Lecture 9,10,2021-09-26,September,81,72.5
RiO7NLoMqpk,COMP 4304 / 6934 Lecture 9,11,2021-09-26,September,84,76.13636363636364
RiO7NLoMqpk,COMP 4304 / 6934 Lecture 9,12,2021-09-26,September,87,81.0
RiO7NLoMqpk,COMP 4304 / 6934 Lecture 9,13,2021-09-26,September,90,85.61904761904762
RiO7NLoMqpk,COMP 4304 / 6934 Lecture 9,14,2021-09-26,September,93,89.0
RiO7NLoMqpk,COMP 4304 / 6934 Lecture 9,15,2021-09-26,September,95,93.1
RiO7NLoMqpk,COMP 4304 / 6934 Lecture 9,16,2021-09-26,September,104,95.8
RiO7NLoMqpk,COMP 4304 / 6934 Lecture 9,17,2021-09-26,September,111,97.89473684210526
RiO7NLoMqpk,COMP 4304 / 6934 Lecture 9,18,2021-09-26,September,123,99.89473684210526
RiO7NLoMqpk,COMP 4304 / 6934 Lecture 9,19,2021-09-26,September,127,101.3157894736842
RiO7NLoMqpk,COMP 4304 / 6934 Lecture 9,20,2021-09-26,September,127,103.83333333333333
RiO7NLoMqpk,COMP 4304 / 6934 Lecture 9,21,2021-09-26,September,130,107.05882352941177
RiO7NLoMqpk,COMP 4304 / 6934 Lecture 9,22,2021-09-26,September,130,108.29411764705883
RiO7NLoMqpk,COMP 4304 / 6934 Lecture 9,23,2021-09-26,September,132,108.88235294117646
RiO7NLoMqpk,COMP 4304 / 6934 Lecture 9,24,2021-09-26,September,133,111.25
RiO7NLoMqpk,COMP 4304 / 6934 Lecture 9,25,2021-09-26,September,133,112.0625
RiO7NLoMqpk,COMP 4304 / 6934 Lecture 9,26,2021-09-26,September,133,112.75
RiO7NLoMqpk,COMP 4304 / 6934 Lecture 9,27,2021-09-26,September,133,113.6
RiO7NLoMqpk,COMP 4304 / 6934 Lecture 9,28,2021-09-26,September,136,114.26666666666667
RiO7NLoMqpk,COMP 4304 / 6934 Lecture 9,29,2021-09-26,September,138,117.57142857142857
RiO7NLoMqpk,COMP 4304 / 6934 Lecture 9,30,2021-09-26,September,138,117.78571428571429
RiO7NLoMqpk,COMP 4304 / 6934 Lecture 9,31,2021-09-26,September,138,118.21428571428571
RiO7NLoMqpk,COMP 4304 / 6934 Lecture 9,32,2021-09-26,September,139,118.71428571428571
RiO7NLoMqpk,COMP 4304 / 6934 Lecture 9,33,2021-09-26,September,139,118.92857142857143
RiO7NLoMqpk,COMP 4304 / 6934 Lecture 9,34,2021-09-26,September,139,119.42857142857143
RiO7NLoMqpk,COMP 4304 / 6934 Lecture 9,35,2021-09-26,September,139,119.92857142857143
RiO7NLoMqpk,COMP 4304 / 6934 Lecture 9,36,2021-09-26,September,139,120.42857142857143
RiO7NLoMqpk,COMP 4304 / 6934 Lecture 9,37,2021-09-26,September,139,120.71428571428571
RiO7NLoMqpk,COMP 4304 / 6934 Lecture 9,38,2021-09-26,September,139,123.3076923076923
RiO7NLoMqpk,COMP 4304 / 6934 Lecture 9,39,2021-09-26,September,139,123.76923076923077
RiO7NLoMqpk,COMP 4304 / 6934 Lecture 9,40,2021-09-26,September,139,123.33333333333333
RiO7NLoMqpk,COMP 4304 / 6934 Lecture 9,41,2021-09-26,September,139,123.5
RiO7NLoMqpk,COMP 4304 / 6934 Lecture 9,42,2021-09-26,September,139,123.75
RiO7NLoMqpk,COMP 4304 / 6934 Lecture 9,43,2021-09-26,September,139,125.36363636363636
RiO7NLoMqpk,COMP 4304 / 6934 Lecture 9,44,2021-09-26,September,141,125.9090909090909
RiO7NLoMqpk,COMP 4304 / 6934 Lecture 9,45,2021-09-26,September,141,127.7
RiO7NLoMqpk,COMP 4304 / 6934 Lecture 9,46,2021-09-26,September,141,127.9
RiO7NLoMqpk,COMP 4304 / 6934 Lecture 9,47,2021-09-26,September,141,125.11111111111111
RiO7NLoMqpk,COMP 4304 / 6934 Lecture 9,48,2021-09-26,September,141,125.22222222222223
Y_wLTVMeoUc,COMP 4304 / 6934 Lecture 20,0,2021-10-28,October,0,0.0
Y_wLTVMeoUc,COMP 4304 / 6934 Lecture 20,1,2021-10-28,October,9,9.04
Y_wLTVMeoUc,COMP 4304 / 6934 Lecture 20,2,2021-10-28,October,9,19.32
Y_wLTVMeoUc,COMP 4304 / 6934 Lecture 20,3,2021-10-28,October,14,27.84
Y_wLTVMeoUc,COMP 4304 / 6934 Lecture 20,4,2021-10-28,October,15,34.6
Y_wLTVMeoUc,COMP 4304 / 6934 Lecture 20,5,2021-10-28,October,23,40.708333333333336
Y_wLTVMeoUc,COMP 4304 / 6934 Lecture 20,6,2021-10-28,October,31,47.208333333333336
Y_wLTVMeoUc,COMP 4304 / 6934 Lecture 20,7,2021-10-28,October,48,52.30434782608695
Y_wLTVMeoUc,COMP 4304 / 6934 Lecture 20,8,2021-10-28,October,54,58.91304347826087
Y_wLTVMeoUc,COMP 4304 / 6934 Lecture 20,9,2021-10-28,October,59,66.21739130434783
Y_wLTVMeoUc,COMP 4304 / 6934 Lecture 20,10,2021-10-28,October,69,72.5
Y_wLTVMeoUc,COMP 4304 / 6934 Lecture 20,11,2021-10-28,October,81,76.13636363636364
Y_wLTVMeoUc,COMP 4304 / 6934 Lecture 20,12,2021-10-28,October,102,81.0
Y_wLTVMeoUc,COMP 4304 / 6934 Lecture 20,13,2021-10-28,October,107,85.61904761904762
Y_wLTVMeoUc,COMP 4304 / 6934 Lecture 20,14,2021-10-28,October,108,89.0
Y_wLTVMeoUc,COMP 4304 / 6934 Lecture 20,15,2021-10-28,October,110,93.1
Y_wLTVMeoUc,COMP 4304 / 6934 Lecture 20,16,2021-10-28,October,110,95.8
YjIBiu-xfX8,COMP 4304 / 6934 Lecture 10,0,2021-09-28,September,0,0.0
YjIBiu-xfX8,COMP 4304 / 6934 Lecture 10,1,2021-09-28,September,6,9.04
YjIBiu-xfX8,COMP 4304 / 6934 Lecture 10,2,2021-09-28,September,13,19.32
YjIBiu-xfX8,COMP 4304 / 6934 Lecture 10,3,2021-09-28,September,18,27.84
YjIBiu-xfX8,COMP 4304 / 6934 Lecture 10,4,2021-09-28,September,26,34.6
YjIBiu-xfX8,COMP 4304 / 6934 Lecture 10,5,2021-09-28,September,36,40.708333333333336
YjIBiu-xfX8,COMP 4304 / 6934 Lecture 10,6,2021-09-28,September,40,47.208333333333336
YjIBiu-xfX8,COMP 4304 / 6934 Lecture 10,7,2021-09-28,September,46,52.30434782608695
YjIBiu-xfX8,COMP 4304 / 6934 Lecture 10,8,2021-09-28,September,55,58.91304347826087
YjIBiu-xfX8,COMP 4304 / 6934 Lecture 10,9,2021-09-28,September,59,66.21739130434783
YjIBiu-xfX8,COMP 4304 / 6934 Lecture 10,10,2021-09-28,September,71,72.5
YjIBiu-xfX8,COMP 4304 / 6934 Lecture 10,11,2021-09-28,September,75,76.13636363636364
YjIBiu-xfX8,COMP 4304 / 6934 Lecture 10,12,2021-09-28,September,76,81.0
YjIBiu-xfX8,COMP 4304 / 6934 Lecture 10,13,2021-09-28,September,87,85.61904761904762
YjIBiu-xfX8,COMP 4304 / 6934 Lecture 10,14,2021-09-28,September,99,89.0
YjIBiu-xfX8,COMP 4304 / 6934 Lecture 10,15,2021-09-28,September,112,93.1
YjIBiu-xfX8,COMP 4304 / 6934 Lecture 10,16,2021-09-28,September,129,95.8
YjIBiu-xfX8,COMP 4304 / 6934 Lecture 10,17,2021-09-28,September,136,97.89473684210526
YjIBiu-xfX8,COMP 4304 / 6934 Lecture 10,18,2021-09-28,September,136,99.89473684210526
YjIBiu-xfX8,COMP 4304 / 6934 Lecture 10,19,2021-09-28,September,138,101.3157894736842
YjIBiu-xfX8,COMP 4304 / 6934 Lecture 10,20,2021-09-28,September,139,103.83333333333333
YjIBiu-xfX8,COMP 4304 / 6934 Lecture 10,21,2021-09-28,September,142,107.05882352941177
YjIBiu-xfX8,COMP 4304 / 6934 Lecture 10,22,2021-09-28,September,144,108.29411764705883
YjIBiu-xfX8,COMP 4304 / 6934 Lecture 10,23,2021-09-28,September,144,108.88235294117646
YjIBiu-xfX8,COMP 4304 / 6934 Lecture 10,24,2021-09-28,September,144,111.25
YjIBiu-xfX8,COMP 4304 / 6934 Lecture 10,25,2021-09-28,September,144,112.0625
YjIBiu-xfX8,COMP 4304 / 6934 Lecture 10,26,2021-09-28,September,147,112.75
YjIBiu-xfX8,COMP 4304 / 6934 Lecture 10,27,2021-09-28,September,152,113.6
YjIBiu-xfX8,COMP 4304 / 6934 Lecture 10,28,2021-09-28,September,152,114.26666666666667
YjIBiu-xfX8,COMP 4304 / 6934 Lecture 10,29,2021-09-28,September,152,117.57142857142857
YjIBiu-xfX8,COMP 4304 / 6934 Lecture 10,30,2021-09-28,September,154,117.78571428571429
YjIBiu-xfX8,COMP 4304 / 6934 Lecture 10,31,2021-09-28,September,154,118.21428571428571
YjIBiu-xfX8,COMP 4304 / 6934 Lecture 10,32,2021-09-28,September,154,118.71428571428571
YjIBiu-xfX8,COMP 4304 / 6934 Lecture 10,33,2021-09-28,September,154,118.92857142857143
YjIBiu-xfX8,COMP 4304 / 6934 Lecture 10,34,2021-09-28,September,154,119.42857142857143
YjIBiu-xfX8,COMP 4304 / 6934 Lecture 10,35,2021-09-28,September,154,119.92857142857143
YjIBiu-xfX8,COMP 4304 / 6934 Lecture 10,36,2021-09-28,September,154,120.42857142857143
YjIBiu-xfX8,COMP 4304 / 6934 Lecture 10,37,2021-09-28,September,154,120.71428571428571
YjIBiu-xfX8,COMP 4304 / 6934 Lecture 10,38,2021-09-28,September,154,123.3076923076923
YjIBiu-xfX8,COMP 4304 / 6934 Lecture 10,39,2021-09-28,September,154,123.76923076923077
YjIBiu-xfX8,COMP 4304 / 6934 Lecture 10,40,2021-09-28,September,154,123.33333333333333
YjIBiu-xfX8,COMP 4304 / 6934 Lecture 10,41,2021-09-28,September,154,123.5
YjIBiu-xfX8,COMP 4304 / 6934 Lecture 10,42,2021-09-28,September,155,123.75
YjIBiu-xfX8,COMP 4304 / 6934 Lecture 10,43,2021-09-28,September,155,125.36363636363636
YjIBiu-xfX8,COMP 4304 / 6934 Lecture 10,44,2021-09-28,September,155,125.9090909090909
YjIBiu-xfX8,COMP 4304 / 6934 Lecture 10,45,2021-09-28,September,156,127.7
YjIBiu-xfX8,COMP 4304 / 6934 Lecture 10,46,2021-09-28,September,156,127.9
fvK191-6-Nk,COMP 4304 / 6934 Lecture 6,0,2021-09-19,September,0,0.0
fvK191-6-Nk,COMP 4304 / 6934 Lecture 6,1,2021-09-19,September,25,9.04
fvK191-6-Nk,COMP 4304 / 6934 Lecture 6,2,2021-09-19,September,30,19.32
fvK191-6-Nk,COMP 4304 / 6934 Lecture 6,3,2021-09-19,September,37,27.84
fvK191-6-Nk,COMP 4304 / 6934 Lecture 6,4,2021-09-19,September,41,34.6
fvK191-6-Nk,COMP 4304 / 6934 Lecture 6,5,2021-09-19,September,46,40.708333333333336
fvK191-6-Nk,COMP 4304 / 6934 Lecture 6,6,2021-09-19,September,49,47.208333333333336
fvK191-6-Nk,COMP 4304 / 6934 Lecture 6,7,2021-09-19,September,52,52.30434782608695
fvK191-6-Nk,COMP 4304 / 6934 Lecture 6,8,2021-09-19,September,60,58.91304347826087
fvK191-6-Nk,COMP 4304 / 6934 Lecture 6,9,2021-09-19,September,68,66.21739130434783
fvK191-6-Nk,COMP 4304 / 6934 Lecture 6,10,2021-09-19,September,82,72.5
fvK191-6-Nk,COMP 4304 / 6934 Lecture 6,11,2021-09-19,September,84,76.13636363636364
fvK191-6-Nk,COMP 4304 / 6934 Lecture 6,12,2021-09-19,September,85,81.0
fvK191-6-Nk,COMP 4304 / 6934 Lecture 6,13,2021-09-19,September,89,85.61904761904762
fvK191-6-Nk,COMP 4304 / 6934 Lecture 6,14,2021-09-19,September,91,89.0
fvK191-6-Nk,COMP 4304 / 6934 Lecture 6,15,2021-09-19,September,92,93.1
fvK191-6-Nk,COMP 4304 / 6934 Lecture 6,16,2021-09-19,September,93,95.8
fvK191-6-Nk,COMP 4304 / 6934 Lecture 6,17,2021-09-19,September,96,97.89473684210526
fvK191-6-Nk,COMP 4304 / 6934 Lecture 6,18,2021-09-19,September,97,99.89473684210526
fvK191-6-Nk,COMP 4304 / 6934 Lecture 6,19,2021-09-19,September,97,101.3157894736842
fvK191-6-Nk,COMP 4304 / 6934 Lecture 6,20,2021-09-19,September,97,103.83333333333333
fvK191-6-Nk,COMP 4304 / 6934 Lecture 6,21,2021-09-19,September,97,107.05882352941177
fvK191-6-Nk,COMP 4304 / 6934 Lecture 6,22,2021-09-19,September,97,108.29411764705883
fvK191-6-Nk,COMP 4304 / 6934 Lecture 6,23,2021-09-19,September,98,108.88235294117646
fvK191-6-Nk,COMP 4304 / 6934 Lecture 6,24,2021-09-19,September,99,111.25
fvK191-6-Nk,COMP 4304 / 6934 Lecture 6,25,2021-09-19,September,99,112.0625
fvK191-6-Nk,COMP 4304 / 6934 Lecture 6,26,2021-09-19,September,99,112.75
fvK191-6-Nk,COMP 4304 / 6934 Lecture 6,27,2021-09-19,September,99,113.6
fvK191-6-Nk,COMP 4304 / 6934 Lecture 6,28,2021-09-19,September,99,114.26666666666667
fvK191-6-Nk,COMP 4304 / 6934 Lecture 6,29,2021-09-19,September,99,117.57142857142857
fvK191-6-Nk,COMP 4304 / 6934 Lecture 6,30,2021-09-19,September,99,117.78571428571429
fvK191-6-Nk,COMP 4304 / 6934 Lecture 6,31,2021-09-19,September,99,118.21428571428571
fvK191-6-Nk,COMP 4304 / 6934 Lecture 6,32,2021-09-19,September,101,118.71428571428571
fvK191-6-Nk,COMP 4304 / 6934 Lecture 6,33,2021-09-19,September,101,118.92857142857143
fvK191-6-Nk,COMP 4304 / 6934 Lecture 6,34,2021-09-19,September,101,119.42857142857143
fvK191-6-Nk,COMP 4304 / 6934 Lecture 6,35,2021-09-19,September,103,119.92857142857143
fvK191-6-Nk,COMP 4304 / 6934 Lecture 6,36,2021-09-19,September,105,120.42857142857143
fvK191-6-Nk,COMP 4304 / 6934 Lecture 6,37,2021-09-19,September,105,120.71428571428571
fvK191-6-Nk,COMP 4304 / 6934 Lecture 6,38,2021-09-19,September,105,123.3076923076923
fvK191-6-Nk,COMP 4304 / 6934 Lecture 6,39,2021-09-19,September,106,123.76923076923077
fvK191-6-Nk,COMP 4304 / 6934 Lecture 6,40,2021-09-19,September,106,123.33333333333333
fvK191-6-Nk,COMP 4304 / 6934 Lecture 6,41,2021-09-19,September,106,123.5
fvK191-6-Nk,COMP 4304 / 6934 Lecture 6,42,2021-09-19,September,106,123.75
fvK191-6-Nk,COMP 4304 / 6934 Lecture 6,43,2021-09-19,September,107,125.36363636363636
fvK191-6-Nk,COMP 4304 / 6934 Lecture 6,44,2021-09-19,September,107,125.9090909090909
fvK191-6-Nk,COMP 4304 / 6934 Lecture 6,45,2021-09-19,September,107,127.7
fvK191-6-Nk,COMP 4304 / 6934 Lecture 6,46,2021-09-19,September,107,127.9
fvK191-6-Nk,COMP 4304 / 6934 Lecture 6,47,2021-09-19,September,107,125.11111111111111
fvK191-6-Nk,COMP 4304 / 6934 Lecture 6,48,2021-09-19,September,107,125.22222222222223
fvK191-6-Nk,COMP 4304 / 6934 Lecture 6,49,2021-09-19,September,107,123.5
fvK191-6-Nk,COMP 4304 / 6934 Lecture 6,50,2021-09-19,September,107,123.625
fvK191-6-Nk,COMP 4304 / 6934 Lecture 6,51,2021-09-19,September,108,123.875
fvK191-6-Nk,COMP 4304 / 6934 Lecture 6,52,2021-09-19,September,108,127.0
fvK191-6-Nk,COMP 4304 / 6934 Lecture 6,53,2021-09-19,September,110,127.42857142857143
fvK191-6-Nk,COMP 4304 / 6934 Lecture 6,54,2021-09-19,September,111,127.71428571428571
fvK191-6-Nk,COMP 4304 / 6934 Lecture 6,55,2021-09-19,September,111,129.16666666666666
mFKXKZfLgqg,COMP 4304 / 6934 Lecture 7,0,2021-09-20,September,0,0.0
mFKXKZfLgqg,COMP 4304 / 6934 Lecture 7,1,2021-09-20,September,1,9.04
mFKXKZfLgqg,COMP 4304 / 6934 Lecture 7,2,2021-09-20,September,27,19.32
mFKXKZfLgqg,COMP 4304 / 6934 Lecture 7,3,2021-09-20,September,34,27.84
mFKXKZfLgqg,COMP 4304 / 6934 Lecture 7,4,2021-09-20,September,44,34.6
mFKXKZfLgqg,COMP 4304 / 6934 Lecture 7,5,2021-09-20,September,49,40.708333333333336
mFKXKZfLgqg,COMP 4304 / 6934 Lecture 7,6,2021-09-20,September,54,47.208333333333336
mFKXKZfLgqg,COMP 4304 / 6934 Lecture 7,7,2021-09-20,September,61,52.30434782608695
mFKXKZfLgqg,COMP 4304 / 6934 Lecture 7,8,2021-09-20,September,65,58.91304347826087
mFKXKZfLgqg,COMP 4304 / 6934 Lecture 7,9,2021-09-20,September,82,66.21739130434783
mFKXKZfLgqg,COMP 4304 / 6934 Lecture 7,10,2021-09-20,September,83,72.5
mFKXKZfLgqg,COMP 4304 / 6934 Lecture 7,11,2021-09-20,September,83,76.13636363636364
mFKXKZfLgqg,COMP 4304 / 6934 Lecture 7,12,2021-09-20,September,86,81.0
mFKXKZfLgqg,COMP 4304 / 6934 Lecture 7,13,2021-09-20,September,91,85.61904761904762
mFKXKZfLgqg,COMP 4304 / 6934 Lecture 7,14,2021-09-20,September,93,89.0
mFKXKZfLgqg,COMP 4304 / 6934 Lecture 7,15,2021-09-20,September,96,93.1
mFKXKZfLgqg,COMP 4304 / 6934 Lecture 7,16,2021-09-20,September,104,95.8
mFKXKZfLgqg,COMP 4304 / 6934 Lecture 7,17,2021-09-20,September,107,97.89473684210526
mFKXKZfLgqg,COMP 4304 / 6934 Lecture 7,18,2021-09-20,September,107,99.89473684210526
mFKXKZfLgqg,COMP 4304 / 6934 Lecture 7,19,2021-09-20,September,107,101.3157894736842
mFKXKZfLgqg,COMP 4304 / 6934 Lecture 7,20,2021-09-20,September,107,103.83333333333333
mFKXKZfLgqg,COMP 4304 / 6934 Lecture 7,21,2021-09-20,September,107,107.05882352941177
mFKXKZfLgqg,COMP 4304 / 6934 Lecture 7,22,2021-09-20,September,108,108.29411764705883
mFKXKZfLgqg,COMP 4304 / 6934 Lecture 7,23,2021-09-20,September,109,108.88235294117646
mFKXKZfLgqg,COMP 4304 / 6934 Lecture 7,24,2021-09-20,September,112,111.25
mFKXKZfLgqg,COMP 4304 / 6934 Lecture 7,25,2021-09-20,September,113,112.0625
mFKXKZfLgqg,COMP 4304 / 6934 Lecture 7,26,2021-09-20,September,113,112.75
mFKXKZfLgqg,COMP 4304 / 6934 Lecture 7,27,2021-09-20,September,113,113.6
mFKXKZfLgqg,COMP 4304 / 6934 Lecture 7,28,2021-09-20,September,113,114.26666666666667
mFKXKZfLgqg,COMP 4304 / 6934 Lecture 7,29,2021-09-20,September,114,117.57142857142857
mFKXKZfLgqg,COMP 4304 / 6934 Lecture 7,30,2021-09-20,September,114,117.78571428571429
mFKXKZfLgqg,COMP 4304 / 6934 Lecture 7,31,2021-09-20,September,116,118.21428571428571
mFKXKZfLgqg,COMP 4304 / 6934 Lecture 7,32,2021-09-20,September,117,118.71428571428571
mFKXKZfLgqg,COMP 4304 / 6934 Lecture 7,33,2021-09-20,September,117,118.92857142857143
mFKXKZfLgqg,COMP 4304 / 6934 Lecture 7,34,2021-09-20,September,118,119.42857142857143
mFKXKZfLgqg,COMP 4304 / 6934 Lecture 7,35,2021-09-20,September,118,119.92857142857143
mFKXKZfLgqg,COMP 4304 / 6934 Lecture 7,36,2021-09-20,September,118,120.42857142857143
mFKXKZfLgqg,COMP 4304 / 6934 Lecture 7,37,2021-09-20,September,118,120.71428571428571
mFKXKZfLgqg,COMP 4304 / 6934 Lecture 7,38,2021-09-20,September,119,123.3076923076923
mFKXKZfLgqg,COMP 4304 / 6934 Lecture 7,39,2021-09-20,September,119,123.76923076923077
mFKXKZfLgqg,COMP 4304 / 6934 Lecture 7,40,2021-09-20,September,119,123.33333333333333
mFKXKZfLgqg,COMP 4304 / 6934 Lecture 7,41,2021-09-20,September,119,123.5
mFKXKZfLgqg,COMP 4304 / 6934 Lecture 7,42,2021-09-20,September,119,123.75
mFKXKZfLgqg,COMP 4304 / 6934 Lecture 7,43,2021-09-20,September,119,125.36363636363636
mFKXKZfLgqg,COMP 4304 / 6934 Lecture 7,44,2021-09-20,September,119,125.9090909090909
mFKXKZfLgqg,COMP 4304 / 6934 Lecture 7,45,2021-09-20,September,119,127.7
mFKXKZfLgqg,COMP 4304 / 6934 Lecture 7,46,2021-09-20,September,119,127.9
mFKXKZfLgqg,COMP 4304 / 6934 Lecture 7,47,2021-09-20,September,119,125.11111111111111
mFKXKZfLgqg,COMP 4304 / 6934 Lecture 7,48,2021-09-20,September,119,125.22222222222223
mFKXKZfLgqg,COMP 4304 / 6934 Lecture 7,49,2021-09-20,September,119,123.5
mFKXKZfLgqg,COMP 4304 / 6934 Lecture 7,50,2021-09-20,September,120,123.625
mFKXKZfLgqg,COMP 4304 / 6934 Lecture 7,51,2021-09-20,September,120,123.875
mFKXKZfLgqg,COMP 4304 / 6934 Lecture 7,52,2021-09-20,September,120,127.0
mFKXKZfLgqg,COMP 4304 / 6934 Lecture 7,53,2021-09-20,September,120,127.42857142857143
mFKXKZfLgqg,COMP 4304 / 6934 Lecture 7,54,2021-09-20,September,120,127.71428571428571
s2iyMAHu1y0,COMP 4304 / 6934 Lecture 1,0,2021-09-06,September,0,0.0
s2iyMAHu1y0,COMP 4304 / 6934 Lecture 1,1,2021-09-06,September,2,9.04
s2iyMAHu1y0,COMP 4304 / 6934 Lecture 1,2,2021-09-06,September,39,19.32
s2iyMAHu1y0,COMP 4304 / 6934 Lecture 1,3,2021-09-06,September,58,27.84
s2iyMAHu1y0,COMP 4304 / 6934 Lecture 1,4,2021-09-06,September,73,34.6
s2iyMAHu1y0,COMP 4304 / 6934 Lecture 1,5,2021-09-06,September,80,40.708333333333336
s2iyMAHu1y0,COMP 4304 / 6934 Lecture 1,6,2021-09-06,September,88,47.208333333333336
s2iyMAHu1y0,COMP 4304 / 6934 Lecture 1,7,2021-09-06,September,92,52.30434782608695
s2iyMAHu1y0,COMP 4304 / 6934 Lecture 1,8,2021-09-06,September,96,58.91304347826087
s2iyMAHu1y0,COMP 4304 / 6934 Lecture 1,9,2021-09-06,September,101,66.21739130434783
s2iyMAHu1y0,COMP 4304 / 6934 Lecture 1,10,2021-09-06,September,101,72.5
s2iyMAHu1y0,COMP 4304 / 6934 Lecture 1,11,2021-09-06,September,104,76.13636363636364
s2iyMAHu1y0,COMP 4304 / 6934 Lecture 1,12,2021-09-06,September,106,81.0
s2iyMAHu1y0,COMP 4304 / 6934 Lecture 1,13,2021-09-06,September,110,85.61904761904762
s2iyMAHu1y0,COMP 4304 / 6934 Lecture 1,14,2021-09-06,September,111,89.0
s2iyMAHu1y0,COMP 4304 / 6934 Lecture 1,15,2021-09-06,September,111,93.1
s2iyMAHu1y0,COMP 4304 / 6934 Lecture 1,16,2021-09-06,September,111,95.8
s2iyMAHu1y0,COMP 4304 / 6934 Lecture 1,17,2021-09-06,September,111,97.89473684210526
s2iyMAHu1y0,COMP 4304 / 6934 Lecture 1,18,2021-09-06,September,111,99.89473684210526
s2iyMAHu1y0,COMP 4304 / 6934 Lecture 1,19,2021-09-06,September,111,101.3157894736842
s2iyMAHu1y0,COMP 4304 / 6934 Lecture 1,20,2021-09-06,September,111,103.83333333333333
s2iyMAHu1y0,COMP 4304 / 6934 Lecture 1,21,2021-09-06,September,112,107.05882352941177
s2iyMAHu1y0,COMP 4304 / 6934 Lecture 1,22,2021-09-06,September,112,108.29411764705883
s2iyMAHu1y0,COMP 4304 / 6934 Lecture 1,23,2021-09-06,September,112,108.88235294117646
s2iyMAHu1y0,COMP 4304 / 6934 Lecture 1,24,2021-09-06,September,112,111.25
s2iyMAHu1y0,COMP 4304 / 6934 Lecture 1,25,2021-09-06,September,112,112.0625
s2iyMAHu1y0,COMP 4304 / 6934 Lecture 1,26,2021-09-06,September,113,112.75
s2iyMAHu1y0,COMP 4304 / 6934 Lecture 1,27,2021-09-06,September,113,113.6
s2iyMAHu1y0,COMP 4304 / 6934 Lecture 1,28,2021-09-06,September,113,114.26666666666667
s2iyMAHu1y0,COMP 4304 / 6934 Lecture 1,29,2021-09-06,September,113,117.57142857142857
s2iyMAHu1y0,COMP 4304 / 6934 Lecture 1,30,2021-09-06,September,114,117.78571428571429
s2iyMAHu1y0,COMP 4304 / 6934 Lecture 1,31,2021-09-06,September,114,118.21428571428571
s2iyMAHu1y0,COMP 4304 / 6934 Lecture 1,32,2021-09-06,September,114,118.71428571428571
s2iyMAHu1y0,COMP 4304 / 6934 Lecture 1,33,2021-09-06,September,114,118.92857142857143
s2iyMAHu1y0,COMP 4304 / 6934 Lecture 1,34,2021-09-06,September,114,119.42857142857143
s2iyMAHu1y0,COMP 4304 / 6934 Lecture 1,35,2021-09-06,September,114,119.92857142857143
s2iyMAHu1y0,COMP 4304 / 6934 Lecture 1,36,2021-09-06,September,114,120.42857142857143
s2iyMAHu1y0,COMP 4304 / 6934 Lecture 1,37,2021-09-06,September,114,120.71428571428571
s2iyMAHu1y0,COMP 4304 / 6934 Lecture 1,38,2021-09-06,September,114,123.3076923076923
s2iyMAHu1y0,COMP 4304 / 6934 Lecture 1,39,2021-09-06,September,114,123.76923076923077
s2iyMAHu1y0,COMP 4304 / 6934 Lecture 1,40,2021-09-06,September,115,123.33333333333333
s2iyMAHu1y0,COMP 4304 / 6934 Lecture 1,41,2021-09-06,September,117,123.5
s2iyMAHu1y0,COMP 4304 / 6934 Lecture 1,42,2021-09-06,September,118,123.75
s2iyMAHu1y0,COMP 4304 / 6934 Lecture 1,43,2021-09-06,September,118,125.36363636363636
s2iyMAHu1y0,COMP 4304 / 6934 Lecture 1,44,2021-09-06,September,119,125.9090909090909
s2iyMAHu1y0,COMP 4304 / 6934 Lecture 1,45,2021-09-06,September,120,127.7
s2iyMAHu1y0,COMP 4304 / 6934 Lecture 1,46,2021-09-06,September,120,127.9
s2iyMAHu1y0,COMP 4304 / 6934 Lecture 1,47,2021-09-06,September,120,125.11111111111111
s2iyMAHu1y0,COMP 4304 / 6934 Lecture 1,48,2021-09-06,September,120,125.22222222222223
s2iyMAHu1y0,COMP 4304 / 6934 Lecture 1,49,2021-09-06,September,122,123.5
s2iyMAHu1y0,COMP 4304 / 6934 Lecture 1,50,2021-09-06,September,122,123.625
s2iyMAHu1y0,COMP 4304 / 6934 Lecture 1,51,2021-09-06,September,122,123.875
s2iyMAHu1y0,COMP 4304 / 6934 Lecture 1,52,2021-09-06,September,123,127.0
s2iyMAHu1y0,COMP 4304 / 6934 Lecture 1,53,2021-09-06,September,123,127.42857142857143
s2iyMAHu1y0,COMP 4304 / 6934 Lecture 1,54,2021-09-06,September,123,127.71428571428571
s2iyMAHu1y0,COMP 4304 / 6934 Lecture 1,55,2021-09-06,September,123,129.16666666666666
s2iyMAHu1y0,COMP 4304 / 6934 Lecture 1,56,2021-09-06,September,123,133.2
s2iyMAHu1y0,COMP 4304 / 6934 Lecture 1,57,2021-09-06,September,123,133.2
s2iyMAHu1y0,COMP 4304 / 6934 Lecture 1,58,2021-09-06,September,123,133.6
s2iyMAHu1y0,COMP 4304 / 6934 Lecture 1,59,2021-09-06,September,123,138.25
s2iyMAHu1y0,COMP 4304 / 6934 Lecture 1,60,2021-09-06,September,123,138.25
s2iyMAHu1y0,COMP 4304 / 6934 Lecture 1,61,2021-09-06,September,123,141.33333333333334
s2iyMAHu1y0,COMP 4304 / 6934 Lecture 1,62,2021-09-06,September,124,141.66666666666666
s2iyMAHu1y0,COMP 4304 / 6934 Lecture 1,63,2021-09-06,September,124,141.66666666666666
s2iyMAHu1y0,COMP 4304 / 6934 Lecture 1,64,2021-09-06,September,125,139.0
s2iyMAHu1y0,COMP 4304 / 6934 Lecture 1,65,2021-09-06,September,125,139.0
s2iyMAHu1y0,COMP 4304 / 6934 Lecture 1,66,2021-09-06,September,125,139.0
s2iyMAHu1y0,COMP 4304 / 6934 Lecture 1,67,2021-09-06,September,125,139.0
s2iyMAHu1y0,COMP 4304 / 6934 Lecture 1,68,2021-09-06,September,125,125.0
